-- phpMyAdmin SQL Dump
-- version 4.5.2
-- http://www.phpmyadmin.net
--
-- Host: localhost
-- Generation Time: Aug 21, 2016 at 11:22 AM
-- Server version: 10.1.13-MariaDB
-- PHP Version: 7.0.8

SET SQL_MODE = "NO_AUTO_VALUE_ON_ZERO";
SET time_zone = "+00:00";


/*!40101 SET @OLD_CHARACTER_SET_CLIENT=@@CHARACTER_SET_CLIENT */;
/*!40101 SET @OLD_CHARACTER_SET_RESULTS=@@CHARACTER_SET_RESULTS */;
/*!40101 SET @OLD_COLLATION_CONNECTION=@@COLLATION_CONNECTION */;
/*!40101 SET NAMES utf8mb4 */;

--
-- Database: `payroll`
--

-- --------------------------------------------------------

--
-- Table structure for table `bonus`
--

CREATE TABLE `bonus` (
  `id` int(10) UNSIGNED NOT NULL,
  `pay_modifier_id` int(10) UNSIGNED NOT NULL,
  `date` date NOT NULL,
  `type` enum('dep','emp') NOT NULL,
  `multiplier` int(11) NOT NULL DEFAULT '0',
  `status` tinyint(1) NOT NULL DEFAULT '0',
  `created_by` int(10) UNSIGNED NOT NULL,
  `last_updated_by` int(10) UNSIGNED NOT NULL,
  `approved_by` int(10) UNSIGNED DEFAULT NULL,
  `date_created` timestamp NOT NULL DEFAULT CURRENT_TIMESTAMP
) ENGINE=InnoDB DEFAULT CHARSET=latin1;

--
-- Dumping data for table `bonus`
--

INSERT INTO `bonus` (`id`, `pay_modifier_id`, `date`, `type`, `multiplier`, `status`, `created_by`, `last_updated_by`, `approved_by`, `date_created`) VALUES
(5, 6, '2016-06-01', 'dep', 1, 0, 3, 3, NULL, '2016-06-30 05:33:37'),
(7, 6, '2016-06-02', 'dep', 1, 1, 3, 3, 3, '2016-06-30 05:43:22'),
(9, 6, '2016-06-22', 'dep', 2, 1, 3, 3, 3, '2016-06-30 06:28:25');

-- --------------------------------------------------------

--
-- Table structure for table `bonus_departments`
--

CREATE TABLE `bonus_departments` (
  `id` int(10) UNSIGNED NOT NULL,
  `bonus_id` int(10) UNSIGNED NOT NULL,
  `department_id` int(10) UNSIGNED NOT NULL
) ENGINE=InnoDB DEFAULT CHARSET=latin1;

--
-- Dumping data for table `bonus_departments`
--

INSERT INTO `bonus_departments` (`id`, `bonus_id`, `department_id`) VALUES
(1, 5, 6),
(4, 7, 6),
(5, 7, 7),
(8, 9, 6),
(9, 9, 7);

-- --------------------------------------------------------

--
-- Table structure for table `bonus_employees`
--

CREATE TABLE `bonus_employees` (
  `id` int(10) UNSIGNED NOT NULL,
  `bonus_id` int(10) UNSIGNED NOT NULL,
  `employee_id` int(10) UNSIGNED NOT NULL,
  `daily_wage` decimal(15,2) NOT NULL DEFAULT '0.00'
) ENGINE=InnoDB DEFAULT CHARSET=latin1;

--
-- Dumping data for table `bonus_employees`
--

INSERT INTO `bonus_employees` (`id`, `bonus_id`, `employee_id`, `daily_wage`) VALUES
(3, 5, 3, '11.11'),
(4, 5, 4, '11.11'),
(5, 7, 3, '11.11'),
(6, 7, 4, '11.11'),
(11, 9, 3, '11.11'),
(12, 9, 4, '11.11');

-- --------------------------------------------------------

--
-- Table structure for table `departments`
--

CREATE TABLE `departments` (
  `id` int(10) UNSIGNED NOT NULL,
  `id_number` int(10) UNSIGNED NOT NULL,
  `name` varchar(45) COLLATE utf8_bin NOT NULL
) ENGINE=InnoDB DEFAULT CHARSET=utf8 COLLATE=utf8_bin;

--
-- Dumping data for table `departments`
--

INSERT INTO `departments` (`id`, `id_number`, `name`) VALUES
(6, 1, 'VP'),
(7, 2, 'sadsdas');

-- --------------------------------------------------------

--
-- Table structure for table `department_supervisors`
--

CREATE TABLE `department_supervisors` (
  `id` int(10) UNSIGNED NOT NULL,
  `employee_id` int(10) UNSIGNED NOT NULL,
  `department_id` int(10) UNSIGNED NOT NULL,
  `from` date NOT NULL,
  `to` date DEFAULT NULL
) ENGINE=InnoDB DEFAULT CHARSET=utf8 COLLATE=utf8_bin;

--
-- Dumping data for table `department_supervisors`
--

INSERT INTO `department_supervisors` (`id`, `employee_id`, `department_id`, `from`, `to`) VALUES
(6, 3, 6, '2016-05-15', NULL);

-- --------------------------------------------------------

--
-- Table structure for table `employees`
--

CREATE TABLE `employees` (
  `id` int(10) UNSIGNED NOT NULL,
  `id_number` int(10) UNSIGNED DEFAULT NULL,
  `firstname` varchar(50) COLLATE utf8_bin NOT NULL,
  `middleinitial` varchar(50) COLLATE utf8_bin DEFAULT NULL,
  `lastname` varchar(50) COLLATE utf8_bin NOT NULL,
  `birthdate` date NOT NULL,
  `birthplace` varchar(100) COLLATE utf8_bin DEFAULT NULL,
  `gender` enum('M','F') COLLATE utf8_bin DEFAULT NULL,
  `civil_status` enum('sg','m','sp','d','w') COLLATE utf8_bin DEFAULT NULL,
  `nationality` varchar(45) COLLATE utf8_bin DEFAULT NULL,
  `religion` varchar(50) COLLATE utf8_bin DEFAULT NULL,
  `full_address` varchar(45) COLLATE utf8_bin DEFAULT NULL,
  `email_address` varchar(45) COLLATE utf8_bin DEFAULT NULL,
  `mobile_number` varchar(15) COLLATE utf8_bin DEFAULT NULL,
  `date_hired` date DEFAULT NULL,
  `login_password` varchar(45) COLLATE utf8_bin DEFAULT NULL,
  `sss_number` varchar(45) COLLATE utf8_bin DEFAULT NULL,
  `pagibig_number` varchar(45) COLLATE utf8_bin DEFAULT NULL,
  `tin_number` varchar(45) COLLATE utf8_bin DEFAULT NULL,
  `rfid_uid` varchar(45) COLLATE utf8_bin DEFAULT NULL,
  `password` varchar(45) COLLATE utf8_bin DEFAULT NULL,
  `is_locked` tinyint(1) NOT NULL DEFAULT '0',
  `account_type` enum('em','ad','pm') COLLATE utf8_bin NOT NULL,
  `created_at` timestamp NOT NULL DEFAULT CURRENT_TIMESTAMP
) ENGINE=InnoDB DEFAULT CHARSET=utf8 COLLATE=utf8_bin;

--
-- Dumping data for table `employees`
--

INSERT INTO `employees` (`id`, `id_number`, `firstname`, `middleinitial`, `lastname`, `birthdate`, `birthplace`, `gender`, `civil_status`, `nationality`, `religion`, `full_address`, `email_address`, `mobile_number`, `date_hired`, `login_password`, `sss_number`, `pagibig_number`, `tin_number`, `rfid_uid`, `password`, `is_locked`, `account_type`, `created_at`) VALUES
(3, 2, 'JULITO', 'G', 'CASTANEDA', '1995-06-20', 'Cebu City', 'M', 'w', 'Filipino', 'Roman Catholic', 'Mandaue City, Cebu', 'natabioadr@gmail.com', '09434524412', '2016-12-15', NULL, '1232', '13', 'ss', '00000003', '21232f297a57a5a743894a0e4a801fc3', 0, 'ad', '2016-01-17 02:07:01'),
(4, NULL, 'dasdas', 'dsadas', 'dsadsad', '2016-06-20', '', 'M', 'sg', '', '', '', 'nicolereya@gmail.com', '09234251308', '2016-06-21', NULL, '12345', '123456', '', NULL, '21232f297a57a5a743894a0e4a801fc3', 0, 'pm', '2016-06-22 03:52:37'),
(100, NULL, 'JOJO', 'C', 'ABINIDO', '0000-00-00', NULL, NULL, NULL, NULL, NULL, NULL, NULL, NULL, NULL, NULL, NULL, NULL, NULL, 'CEB-113', NULL, 0, 'em', '2016-07-15 02:44:07'),
(101, NULL, 'ARMANDO', 'L', 'ABUNO', '0000-00-00', NULL, NULL, NULL, NULL, NULL, NULL, NULL, NULL, NULL, NULL, NULL, NULL, NULL, 'CEB-27', NULL, 0, 'em', '2016-07-15 02:44:07'),
(102, NULL, 'ARIEL', 'S', 'ALIAWAN', '0000-00-00', NULL, NULL, NULL, NULL, NULL, NULL, NULL, NULL, NULL, NULL, NULL, NULL, NULL, 'CEB-108', NULL, 0, 'em', '2016-07-15 02:44:07'),
(103, NULL, 'RANDY', 'T', 'ALUMBANG', '0000-00-00', NULL, NULL, NULL, NULL, NULL, NULL, NULL, NULL, NULL, NULL, NULL, NULL, NULL, 'CEB-150', NULL, 0, 'em', '2016-07-15 02:44:07'),
(104, NULL, 'ANGELO', 'T', 'ANGELES', '0000-00-00', NULL, NULL, NULL, NULL, NULL, NULL, NULL, NULL, NULL, NULL, NULL, NULL, NULL, 'CEB-91', NULL, 0, 'em', '2016-07-15 02:44:07'),
(105, NULL, 'DENNIS', 'T', 'ANGELES', '0000-00-00', NULL, NULL, NULL, NULL, NULL, NULL, NULL, NULL, NULL, NULL, NULL, NULL, NULL, 'CEB-107', NULL, 0, 'em', '2016-07-15 02:44:07'),
(106, NULL, 'ALBERTO', 'V', 'ANTANOY', '0000-00-00', NULL, NULL, NULL, NULL, NULL, NULL, NULL, NULL, NULL, NULL, NULL, NULL, NULL, 'CEB-20', NULL, 0, 'em', '2016-07-15 02:44:07'),
(107, NULL, 'JASON', 'A', 'ANTOGON', '0000-00-00', NULL, NULL, NULL, NULL, NULL, NULL, NULL, NULL, NULL, NULL, NULL, NULL, NULL, 'CEB-110', NULL, 0, 'em', '2016-07-15 02:44:07'),
(108, NULL, 'JULIE', NULL, 'ANTOGON', '0000-00-00', NULL, NULL, NULL, NULL, NULL, NULL, NULL, NULL, NULL, NULL, NULL, NULL, NULL, 'CEB-45', NULL, 0, 'em', '2016-07-15 02:44:07'),
(109, NULL, 'ANATOLIO', 'V', 'APARRE', '0000-00-00', NULL, NULL, NULL, NULL, NULL, NULL, NULL, NULL, NULL, NULL, NULL, NULL, NULL, 'CEB-38', NULL, 0, 'em', '2016-07-15 02:44:07'),
(110, NULL, 'JULIE-AN', 'R', 'APARRE', '0000-00-00', NULL, NULL, NULL, NULL, NULL, NULL, NULL, NULL, NULL, NULL, NULL, NULL, NULL, 'CEB-30', NULL, 0, 'em', '2016-07-15 02:44:07'),
(111, NULL, 'MANOLO', 'V', 'APARRE', '0000-00-00', NULL, NULL, NULL, NULL, NULL, NULL, NULL, NULL, NULL, NULL, NULL, NULL, NULL, 'CEB-98', NULL, 0, 'em', '2016-07-15 02:44:07'),
(112, NULL, 'BENJIE', 'B', 'APATAN', '0000-00-00', NULL, NULL, NULL, NULL, NULL, NULL, NULL, NULL, NULL, NULL, NULL, NULL, NULL, 'CEB-137', NULL, 0, 'em', '2016-07-15 02:44:07'),
(113, NULL, 'CANDELARIA', 'O', 'AVILA', '0000-00-00', NULL, NULL, NULL, NULL, NULL, NULL, NULL, NULL, NULL, NULL, NULL, NULL, NULL, 'CEB-83', NULL, 0, 'em', '2016-07-15 02:44:07'),
(114, NULL, 'RHODA', 'C', 'BACARISAS', '0000-00-00', NULL, NULL, NULL, NULL, NULL, NULL, NULL, NULL, NULL, NULL, NULL, NULL, NULL, 'CEB-100', NULL, 0, 'em', '2016-07-15 02:44:07'),
(115, NULL, 'SUSANA', 'S', 'BACARISAS', '0000-00-00', NULL, NULL, NULL, NULL, NULL, NULL, NULL, NULL, NULL, NULL, NULL, NULL, NULL, 'CEB-9', NULL, 0, 'em', '2016-07-15 02:44:07'),
(116, NULL, 'FRANCISCO JR.', 'G', 'BACSAL', '0000-00-00', NULL, NULL, NULL, NULL, NULL, NULL, NULL, NULL, NULL, NULL, NULL, NULL, NULL, 'CEB-46', NULL, 0, 'em', '2016-07-15 02:44:07'),
(117, NULL, 'BOBBY', 'Q', 'BAGAS', '0000-00-00', NULL, NULL, NULL, NULL, NULL, NULL, NULL, NULL, NULL, NULL, NULL, NULL, NULL, 'CEB-97', NULL, 0, 'em', '2016-07-15 02:44:07'),
(118, NULL, 'RANNIE', 'Q', 'BAGAS', '0000-00-00', NULL, NULL, NULL, NULL, NULL, NULL, NULL, NULL, NULL, NULL, NULL, NULL, NULL, 'CEB-90', NULL, 0, 'em', '2016-07-15 02:44:07'),
(119, NULL, 'ANNALIE', NULL, 'BALLER', '0000-00-00', NULL, NULL, NULL, NULL, NULL, NULL, NULL, NULL, NULL, NULL, NULL, NULL, NULL, 'CEB-119', NULL, 0, 'em', '2016-07-15 02:44:07'),
(120, NULL, 'JONATHAN', 'V', 'BANAWA', '0000-00-00', NULL, NULL, NULL, NULL, NULL, NULL, NULL, NULL, NULL, NULL, NULL, NULL, NULL, 'CEB-29', NULL, 0, 'em', '2016-07-15 02:44:07'),
(121, NULL, 'TERESITA', 'A', 'BANQUIRIGO', '0000-00-00', NULL, NULL, NULL, NULL, NULL, NULL, NULL, NULL, NULL, NULL, NULL, NULL, NULL, 'CEB-4', NULL, 0, 'em', '2016-07-15 02:44:07'),
(122, NULL, 'JAIME', 'A', 'BARINAN', '0000-00-00', NULL, NULL, NULL, NULL, NULL, NULL, NULL, NULL, NULL, NULL, NULL, NULL, NULL, 'CEB-87', NULL, 0, 'em', '2016-07-15 02:44:07'),
(123, NULL, 'MARNA', 'A', 'BARRO', '0000-00-00', NULL, NULL, NULL, NULL, NULL, NULL, NULL, NULL, NULL, NULL, NULL, NULL, NULL, 'CEB-7', NULL, 0, 'em', '2016-07-15 02:44:07'),
(124, NULL, 'RODEL', 'G', 'BARRO', '0000-00-00', NULL, NULL, NULL, NULL, NULL, NULL, NULL, NULL, NULL, NULL, NULL, NULL, NULL, 'CEB-56', NULL, 0, 'em', '2016-07-15 02:44:07'),
(125, NULL, 'DIVINA', 'C', 'BASLAG', '0000-00-00', NULL, NULL, NULL, NULL, NULL, NULL, NULL, NULL, NULL, NULL, NULL, NULL, NULL, 'CEB-59', NULL, 0, 'em', '2016-07-15 02:44:07'),
(126, NULL, 'DINA', 'B', 'BELDESOLA', '0000-00-00', NULL, NULL, NULL, NULL, NULL, NULL, NULL, NULL, NULL, NULL, NULL, NULL, NULL, 'CEB-85', NULL, 0, 'em', '2016-07-15 02:44:07'),
(127, NULL, 'EDGAR', NULL, 'BELDESOLA', '0000-00-00', NULL, NULL, NULL, NULL, NULL, NULL, NULL, NULL, NULL, NULL, NULL, NULL, NULL, 'CEB-123', NULL, 0, 'em', '2016-07-15 02:44:07'),
(128, NULL, 'CANDICE THERESE', 'E', 'BONO', '0000-00-00', NULL, NULL, NULL, NULL, NULL, NULL, NULL, NULL, NULL, NULL, NULL, NULL, NULL, 'CEB-6', NULL, 0, 'em', '2016-07-15 02:44:07'),
(129, NULL, 'GLAIZA', 'S', 'BORON', '0000-00-00', NULL, NULL, NULL, NULL, NULL, NULL, NULL, NULL, NULL, NULL, NULL, NULL, NULL, 'CEB-5', NULL, 0, 'em', '2016-07-15 02:44:07'),
(130, NULL, 'SOSIMO .', NULL, 'CABREZA', '0000-00-00', NULL, NULL, NULL, NULL, NULL, NULL, NULL, NULL, NULL, NULL, NULL, NULL, NULL, 'CEB-86', NULL, 0, 'em', '2016-07-15 02:44:07'),
(131, NULL, 'REY', 'M', 'CAGURIN', '0000-00-00', NULL, NULL, NULL, NULL, NULL, NULL, NULL, NULL, NULL, NULL, NULL, NULL, NULL, 'CEB-28', NULL, 0, 'em', '2016-07-15 02:44:07'),
(132, NULL, 'ELVINCENT', 'A', 'CALASANG', '0000-00-00', NULL, NULL, NULL, NULL, NULL, NULL, NULL, NULL, NULL, NULL, NULL, NULL, NULL, 'CEB-61', NULL, 0, 'em', '2016-07-15 02:44:07'),
(133, NULL, 'JIMBOY', 'C', 'CAMPANER', '0000-00-00', NULL, NULL, NULL, NULL, NULL, NULL, NULL, NULL, NULL, NULL, NULL, NULL, NULL, 'CEB-22', NULL, 0, 'em', '2016-07-15 02:44:07'),
(134, NULL, 'TEODORA', NULL, 'CANETE', '0000-00-00', NULL, NULL, NULL, NULL, NULL, NULL, NULL, NULL, NULL, NULL, NULL, NULL, NULL, 'CEB-82', NULL, 0, 'em', '2016-07-15 02:44:07'),
(135, NULL, 'CRESTITUTO', 'P', 'CANTILA', '0000-00-00', NULL, NULL, NULL, NULL, NULL, NULL, NULL, NULL, NULL, NULL, NULL, NULL, NULL, 'CEB-152', NULL, 0, 'em', '2016-07-15 02:44:07'),
(136, NULL, 'GERTRUDES', 'P', 'CANTILA', '0000-00-00', NULL, NULL, NULL, NULL, NULL, NULL, NULL, NULL, NULL, NULL, NULL, NULL, NULL, 'CEB-149', NULL, 0, 'em', '2016-07-15 02:44:07'),
(137, NULL, 'JUNEMAR', 'A', 'CARINO', '0000-00-00', NULL, NULL, NULL, NULL, NULL, NULL, NULL, NULL, NULL, NULL, NULL, NULL, NULL, 'CEB-156', NULL, 0, 'em', '2016-07-15 02:44:07'),
(138, NULL, 'VALENTIN', 'F', 'CASIPONG', '0000-00-00', NULL, NULL, NULL, NULL, NULL, NULL, NULL, NULL, NULL, NULL, NULL, NULL, NULL, 'CEB-155', NULL, 0, 'em', '2016-07-15 02:44:07'),
(139, NULL, 'RONALD', 'N', 'CASTRO', '0000-00-00', NULL, NULL, NULL, NULL, NULL, NULL, NULL, NULL, NULL, NULL, NULL, NULL, NULL, 'CEB-125', NULL, 0, 'em', '2016-07-15 02:44:07'),
(140, NULL, 'ENRIQUE  SR.', NULL, 'CELENDRON', '0000-00-00', NULL, NULL, NULL, NULL, NULL, NULL, NULL, NULL, NULL, NULL, NULL, NULL, NULL, 'CEB-141', NULL, 0, 'em', '2016-07-15 02:44:07'),
(141, NULL, 'WENY', 'G', 'CELENDRON', '0000-00-00', NULL, NULL, NULL, NULL, NULL, NULL, NULL, NULL, NULL, NULL, NULL, NULL, NULL, 'CEB-101', NULL, 0, 'em', '2016-07-15 02:44:07'),
(142, NULL, 'ISMAEL', 'B', 'CERINA', '0000-00-00', NULL, NULL, NULL, NULL, NULL, NULL, NULL, NULL, NULL, NULL, NULL, NULL, NULL, 'CEB-144', NULL, 0, 'em', '2016-07-15 02:44:07'),
(143, NULL, 'JONHRY .', NULL, 'COCAMAS', '0000-00-00', NULL, NULL, NULL, NULL, NULL, NULL, NULL, NULL, NULL, NULL, NULL, NULL, NULL, 'CEB-118', NULL, 0, 'em', '2016-07-15 02:44:07'),
(144, NULL, 'JOSE', 'B', 'COCHESA', '0000-00-00', NULL, NULL, NULL, NULL, NULL, NULL, NULL, NULL, NULL, NULL, NULL, NULL, NULL, 'CEB-145', NULL, 0, 'em', '2016-07-15 02:44:07'),
(145, NULL, 'RENANTE', 'G', 'COMPEDIO', '0000-00-00', NULL, NULL, NULL, NULL, NULL, NULL, NULL, NULL, NULL, NULL, NULL, NULL, NULL, 'CEB-112', NULL, 0, 'em', '2016-07-15 02:44:07'),
(146, NULL, 'ALLEN', 'V', 'CONEJOS', '0000-00-00', NULL, NULL, NULL, NULL, NULL, NULL, NULL, NULL, NULL, NULL, NULL, NULL, NULL, 'CEB-147', NULL, 0, 'em', '2016-07-15 02:44:07'),
(147, NULL, 'ALBERTO', 'A', 'CUYOS', '0000-00-00', NULL, NULL, NULL, NULL, NULL, NULL, NULL, NULL, NULL, NULL, NULL, NULL, NULL, 'CEB-160', NULL, 0, 'em', '2016-07-15 02:44:07'),
(148, NULL, 'SUSAN', 'A', 'CUYOS', '0000-00-00', NULL, NULL, NULL, NULL, NULL, NULL, NULL, NULL, NULL, NULL, NULL, NULL, NULL, 'CEB-134', NULL, 0, 'em', '2016-07-15 02:44:07'),
(149, NULL, 'RUDY', 'L', 'DACUMA', '0000-00-00', NULL, NULL, NULL, NULL, NULL, NULL, NULL, NULL, NULL, NULL, NULL, NULL, NULL, 'CEB-54', NULL, 0, 'em', '2016-07-15 02:44:07'),
(150, NULL, 'JOEL MOSQUEDA', NULL, 'DE LA TORRE', '0000-00-00', NULL, NULL, NULL, NULL, NULL, NULL, NULL, NULL, NULL, NULL, NULL, NULL, NULL, 'CEB-33', NULL, 0, 'em', '2016-07-15 02:44:07'),
(151, NULL, 'BENEDICTO JR.', NULL, 'DEL ROSARIO', '0000-00-00', NULL, NULL, NULL, NULL, NULL, NULL, NULL, NULL, NULL, NULL, NULL, NULL, NULL, 'CEB-120', NULL, 0, 'em', '2016-07-15 02:44:07'),
(152, NULL, 'ISEDRA CANULIBANG', NULL, 'DELA RITA', '0000-00-00', NULL, NULL, NULL, NULL, NULL, NULL, NULL, NULL, NULL, NULL, NULL, NULL, NULL, 'CEB-2', NULL, 0, 'em', '2016-07-15 02:44:07'),
(153, NULL, 'RENIE BANO', NULL, 'DELA TORRE', '0000-00-00', NULL, NULL, NULL, NULL, NULL, NULL, NULL, NULL, NULL, NULL, NULL, NULL, NULL, 'CEB-34', NULL, 0, 'em', '2016-07-15 02:44:07'),
(154, NULL, 'ALFFREDO ABACAJAN', NULL, 'DELIN', '0000-00-00', NULL, NULL, NULL, NULL, NULL, NULL, NULL, NULL, NULL, NULL, NULL, NULL, NULL, 'CEB-73', NULL, 0, 'em', '2016-07-15 02:44:07'),
(155, NULL, 'JENNIFRED .', NULL, 'DELIN', '0000-00-00', NULL, NULL, NULL, NULL, NULL, NULL, NULL, NULL, NULL, NULL, NULL, NULL, NULL, 'CEB-117', NULL, 0, 'em', '2016-07-15 02:44:07'),
(156, NULL, 'EVANGELINE', NULL, 'DUMANDAM', '0000-00-00', NULL, NULL, NULL, NULL, NULL, NULL, NULL, NULL, NULL, NULL, NULL, NULL, NULL, 'CEB-78', NULL, 0, 'em', '2016-07-15 02:44:07'),
(157, NULL, 'ANGELINE NIBLA', NULL, 'EJURANGGO', '0000-00-00', NULL, NULL, NULL, NULL, NULL, NULL, NULL, NULL, NULL, NULL, NULL, NULL, NULL, 'CEB-35', NULL, 0, 'em', '2016-07-15 02:44:07'),
(158, NULL, 'ROGER L', NULL, 'EJURANGO', '0000-00-00', NULL, NULL, NULL, NULL, NULL, NULL, NULL, NULL, NULL, NULL, NULL, NULL, NULL, 'CEB-75', NULL, 0, 'em', '2016-07-15 02:44:07'),
(159, NULL, 'MARIETTO', 'T', 'EMBALSADO', '0000-00-00', NULL, NULL, NULL, NULL, NULL, NULL, NULL, NULL, NULL, NULL, NULL, NULL, NULL, 'CEB-79', NULL, 0, 'em', '2016-07-15 02:44:07'),
(160, NULL, 'CARLITO JR.', NULL, 'ENOLPE', '0000-00-00', NULL, NULL, NULL, NULL, NULL, NULL, NULL, NULL, NULL, NULL, NULL, NULL, NULL, 'CEB-96', NULL, 0, 'em', '2016-07-15 02:44:07'),
(161, NULL, 'JANISA', 'D', 'ENOLPE', '0000-00-00', NULL, NULL, NULL, NULL, NULL, NULL, NULL, NULL, NULL, NULL, NULL, NULL, NULL, 'CEB-31', NULL, 0, 'em', '2016-07-15 02:44:07'),
(162, NULL, 'LUCIA', 'D', 'ENOLPE', '0000-00-00', NULL, NULL, NULL, NULL, NULL, NULL, NULL, NULL, NULL, NULL, NULL, NULL, NULL, 'CEB-60', NULL, 0, 'em', '2016-07-15 02:44:07'),
(163, NULL, 'JESSAMIE', 'J', 'ESCARIO', '0000-00-00', NULL, NULL, NULL, NULL, NULL, NULL, NULL, NULL, NULL, NULL, NULL, NULL, NULL, 'CEB-57', NULL, 0, 'em', '2016-07-15 02:44:07'),
(164, NULL, 'ARCHIE ROSALIHA', NULL, 'ESTENOR', '0000-00-00', NULL, NULL, NULL, NULL, NULL, NULL, NULL, NULL, NULL, NULL, NULL, NULL, NULL, 'CEB-18', NULL, 0, 'em', '2016-07-15 02:44:07'),
(165, NULL, 'JAYSON', 'T', 'FAMAT', '0000-00-00', NULL, NULL, NULL, NULL, NULL, NULL, NULL, NULL, NULL, NULL, NULL, NULL, NULL, 'CEB-53', NULL, 0, 'em', '2016-07-15 02:44:07'),
(166, NULL, 'MARGARITA GLIPA', NULL, 'FLORES', '0000-00-00', NULL, NULL, NULL, NULL, NULL, NULL, NULL, NULL, NULL, NULL, NULL, NULL, NULL, 'CEB-8', NULL, 0, 'em', '2016-07-15 02:44:07'),
(167, NULL, 'ELNA', NULL, 'GALLARDE', '0000-00-00', NULL, NULL, NULL, NULL, NULL, NULL, NULL, NULL, NULL, NULL, NULL, NULL, NULL, 'CEB-48', NULL, 0, 'em', '2016-07-15 02:44:07'),
(168, NULL, 'GEORGE MANGCAO', NULL, 'GALLARDE', '0000-00-00', NULL, NULL, NULL, NULL, NULL, NULL, NULL, NULL, NULL, NULL, NULL, NULL, NULL, 'CEB-63', NULL, 0, 'em', '2016-07-15 02:44:07'),
(169, NULL, 'LOREDITH JARINA', NULL, 'GALLARDE', '0000-00-00', NULL, NULL, NULL, NULL, NULL, NULL, NULL, NULL, NULL, NULL, NULL, NULL, NULL, 'CEB-58', NULL, 0, 'em', '2016-07-15 02:44:07'),
(170, NULL, 'AIREEN ODOING', NULL, 'GARCIA', '0000-00-00', NULL, NULL, NULL, NULL, NULL, NULL, NULL, NULL, NULL, NULL, NULL, NULL, NULL, 'CEB-70', NULL, 0, 'em', '2016-07-15 02:44:07'),
(171, NULL, 'CRISANTO', NULL, 'GARCIA', '0000-00-00', NULL, NULL, NULL, NULL, NULL, NULL, NULL, NULL, NULL, NULL, NULL, NULL, NULL, 'CEB-68', NULL, 0, 'em', '2016-07-15 02:44:07'),
(172, NULL, 'GAUDENCIO GABASE', NULL, 'GARCIA', '0000-00-00', NULL, NULL, NULL, NULL, NULL, NULL, NULL, NULL, NULL, NULL, NULL, NULL, NULL, 'CEB-127', NULL, 0, 'em', '2016-07-15 02:44:07'),
(173, NULL, 'JOSEPH EGDAMIN', NULL, 'GARCIA', '0000-00-00', NULL, NULL, NULL, NULL, NULL, NULL, NULL, NULL, NULL, NULL, NULL, NULL, NULL, 'CEB-25', NULL, 0, 'em', '2016-07-15 02:44:07'),
(174, NULL, 'JUANITA EGDAMIN', NULL, 'GARCIA', '0000-00-00', NULL, NULL, NULL, NULL, NULL, NULL, NULL, NULL, NULL, NULL, NULL, NULL, NULL, 'CEB-132', NULL, 0, 'em', '2016-07-15 02:44:07'),
(175, NULL, 'PEDRO PACINIO', NULL, 'GARCIA', '0000-00-00', NULL, NULL, NULL, NULL, NULL, NULL, NULL, NULL, NULL, NULL, NULL, NULL, NULL, 'CEB-49', NULL, 0, 'em', '2016-07-15 02:44:07'),
(176, NULL, 'MICHELLE GARCIA', NULL, 'GAUDIA', '0000-00-00', NULL, NULL, NULL, NULL, NULL, NULL, NULL, NULL, NULL, NULL, NULL, NULL, NULL, 'CEB-32', NULL, 0, 'em', '2016-07-15 02:44:07'),
(177, NULL, 'WILLIAM', 'A', 'GONZALEZ', '0000-00-00', NULL, NULL, NULL, NULL, NULL, NULL, NULL, NULL, NULL, NULL, NULL, NULL, NULL, 'CEB-14', NULL, 0, 'em', '2016-07-15 02:44:07'),
(178, NULL, 'DANIEL JOHN', NULL, 'HEMUTA', '0000-00-00', NULL, NULL, NULL, NULL, NULL, NULL, NULL, NULL, NULL, NULL, NULL, NULL, NULL, 'CEB-15', NULL, 0, 'em', '2016-07-15 02:44:07'),
(179, NULL, 'BENEDICTO HEREZ', NULL, 'HEREZ', '0000-00-00', NULL, NULL, NULL, NULL, NULL, NULL, NULL, NULL, NULL, NULL, NULL, NULL, NULL, 'CEB-158', NULL, 0, 'em', '2016-07-15 02:44:07'),
(180, NULL, 'RANDY', 'U', 'IGLESIAS', '0000-00-00', NULL, NULL, NULL, NULL, NULL, NULL, NULL, NULL, NULL, NULL, NULL, NULL, NULL, 'CEB-92', NULL, 0, 'em', '2016-07-15 02:44:07'),
(181, NULL, 'GERALD .', NULL, 'LABAO', '0000-00-00', NULL, NULL, NULL, NULL, NULL, NULL, NULL, NULL, NULL, NULL, NULL, NULL, NULL, 'CEB-115', NULL, 0, 'em', '2016-07-15 02:44:07'),
(182, NULL, 'JURGEN DAGLE', NULL, 'LABAO', '0000-00-00', NULL, NULL, NULL, NULL, NULL, NULL, NULL, NULL, NULL, NULL, NULL, NULL, NULL, 'CEB-52', NULL, 0, 'em', '2016-07-15 02:44:07'),
(183, NULL, 'ROLANDO .', NULL, 'LABAO', '0000-00-00', NULL, NULL, NULL, NULL, NULL, NULL, NULL, NULL, NULL, NULL, NULL, NULL, NULL, 'CEB-89', NULL, 0, 'em', '2016-07-15 02:44:07'),
(184, NULL, 'JEFFREY', 'L', 'LABASANO', '0000-00-00', NULL, NULL, NULL, NULL, NULL, NULL, NULL, NULL, NULL, NULL, NULL, NULL, NULL, 'CEB-40', NULL, 0, 'em', '2016-07-15 02:44:07'),
(185, NULL, 'JUNDY', 'L', 'LABASANO', '0000-00-00', NULL, NULL, NULL, NULL, NULL, NULL, NULL, NULL, NULL, NULL, NULL, NULL, NULL, 'CEB-88', NULL, 0, 'em', '2016-07-15 02:44:07'),
(186, NULL, 'STEPHANIE', 'C', 'LARGO', '0000-00-00', NULL, NULL, NULL, NULL, NULL, NULL, NULL, NULL, NULL, NULL, NULL, NULL, NULL, 'CEB-47', NULL, 0, 'em', '2016-07-15 02:44:07'),
(187, NULL, 'DOMINO SR.', 'L', 'LARITA', '0000-00-00', NULL, NULL, NULL, NULL, NULL, NULL, NULL, NULL, NULL, NULL, NULL, NULL, NULL, 'CEB-76', NULL, 0, 'em', '2016-07-15 02:44:07'),
(188, NULL, 'JOHN MARK .', NULL, 'LARITA', '0000-00-00', NULL, NULL, NULL, NULL, NULL, NULL, NULL, NULL, NULL, NULL, NULL, NULL, NULL, 'CEB-129', NULL, 0, 'em', '2016-07-15 02:44:07'),
(189, NULL, 'ARLINDA', 'G', 'LONGAKIT', '0000-00-00', NULL, NULL, NULL, NULL, NULL, NULL, NULL, NULL, NULL, NULL, NULL, NULL, NULL, 'CEB-69', NULL, 0, 'em', '2016-07-15 02:44:07'),
(190, NULL, 'CHRISTOPHER', 'D', 'LOPEZ', '0000-00-00', NULL, NULL, NULL, NULL, NULL, NULL, NULL, NULL, NULL, NULL, NULL, NULL, NULL, 'CEB-116', NULL, 0, 'em', '2016-07-15 02:44:07'),
(191, NULL, 'HELEN', 'C', 'LOPEZ', '0000-00-00', NULL, NULL, NULL, NULL, NULL, NULL, NULL, NULL, NULL, NULL, NULL, NULL, NULL, 'CEB-142', NULL, 0, 'em', '2016-07-15 02:44:07'),
(192, NULL, 'SHIELA', NULL, 'LUBAPES', '0000-00-00', NULL, NULL, NULL, NULL, NULL, NULL, NULL, NULL, NULL, NULL, NULL, NULL, NULL, 'CEB-77', NULL, 0, 'em', '2016-07-15 02:44:07'),
(193, NULL, 'RYAN', 'F', 'LUMOD', '0000-00-00', NULL, NULL, NULL, NULL, NULL, NULL, NULL, NULL, NULL, NULL, NULL, NULL, NULL, 'CEB-154', NULL, 0, 'em', '2016-07-15 02:44:07'),
(194, NULL, 'BENITO', 'V', 'MAHINAY', '0000-00-00', NULL, NULL, NULL, NULL, NULL, NULL, NULL, NULL, NULL, NULL, NULL, NULL, NULL, 'CEB-36', NULL, 0, 'em', '2016-07-15 02:44:07'),
(195, NULL, 'GINA', 'O', 'MANGOS', '0000-00-00', NULL, NULL, NULL, NULL, NULL, NULL, NULL, NULL, NULL, NULL, NULL, NULL, NULL, 'CEB-3', NULL, 0, 'em', '2016-07-15 02:44:07'),
(196, NULL, 'ALBERTO', 'A', 'MANLISIK', '0000-00-00', NULL, NULL, NULL, NULL, NULL, NULL, NULL, NULL, NULL, NULL, NULL, NULL, NULL, 'CEB-138', NULL, 0, 'em', '2016-07-15 02:44:07'),
(197, NULL, 'DARIO', NULL, 'MANLISIK', '0000-00-00', NULL, NULL, NULL, NULL, NULL, NULL, NULL, NULL, NULL, NULL, NULL, NULL, NULL, 'CEB-51', NULL, 0, 'em', '2016-07-15 02:44:07'),
(198, NULL, 'EUGINIO', 'A', 'MANLISIK', '0000-00-00', NULL, NULL, NULL, NULL, NULL, NULL, NULL, NULL, NULL, NULL, NULL, NULL, NULL, 'CEB-37', NULL, 0, 'em', '2016-07-15 02:44:07'),
(199, NULL, 'JESSIE', 'P', 'MANLISIK', '0000-00-00', NULL, NULL, NULL, NULL, NULL, NULL, NULL, NULL, NULL, NULL, NULL, NULL, NULL, 'CEB-80', NULL, 0, 'em', '2016-07-15 02:44:07'),
(200, NULL, 'LOPIE', 'A', 'MANLISIK', '0000-00-00', NULL, NULL, NULL, NULL, NULL, NULL, NULL, NULL, NULL, NULL, NULL, NULL, NULL, 'CEB-26', NULL, 0, 'em', '2016-07-15 02:44:07'),
(201, NULL, 'MERCY', 'G', 'MANLISIK', '0000-00-00', NULL, NULL, NULL, NULL, NULL, NULL, NULL, NULL, NULL, NULL, NULL, NULL, NULL, 'CEB-11', NULL, 0, 'em', '2016-07-15 02:44:07'),
(202, NULL, 'RONNEL', 'P', 'MANLISIK', '0000-00-00', NULL, NULL, NULL, NULL, NULL, NULL, NULL, NULL, NULL, NULL, NULL, NULL, NULL, 'CEB-103', NULL, 0, 'em', '2016-07-15 02:44:07'),
(203, NULL, 'LEONARDO', 'G', 'MANZANO', '0000-00-00', NULL, NULL, NULL, NULL, NULL, NULL, NULL, NULL, NULL, NULL, NULL, NULL, NULL, 'CEB-55', NULL, 0, 'em', '2016-07-15 02:44:07'),
(204, NULL, 'JENNAMIE', 'M', 'MANZO', '0000-00-00', NULL, NULL, NULL, NULL, NULL, NULL, NULL, NULL, NULL, NULL, NULL, NULL, NULL, 'CEB-21', NULL, 0, 'em', '2016-07-15 02:44:07'),
(205, NULL, 'RETCHIE', NULL, 'MARQUIZ', '0000-00-00', NULL, NULL, NULL, NULL, NULL, NULL, NULL, NULL, NULL, NULL, NULL, NULL, NULL, 'CEB-67', NULL, 0, 'em', '2016-07-15 02:44:07'),
(206, NULL, 'MARIO JR.', 'C', 'MERCADERO', '0000-00-00', NULL, NULL, NULL, NULL, NULL, NULL, NULL, NULL, NULL, NULL, NULL, NULL, NULL, 'CEB-139', NULL, 0, 'em', '2016-07-15 02:44:07'),
(207, NULL, 'MACHEL', 'G', 'MILLA', '0000-00-00', NULL, NULL, NULL, NULL, NULL, NULL, NULL, NULL, NULL, NULL, NULL, NULL, NULL, 'CEB-102', NULL, 0, 'em', '2016-07-15 02:44:07'),
(208, NULL, 'MARCOS', 'V', 'MILLA', '0000-00-00', NULL, NULL, NULL, NULL, NULL, NULL, NULL, NULL, NULL, NULL, NULL, NULL, NULL, 'CEB-94', NULL, 0, 'em', '2016-07-15 02:44:07'),
(209, NULL, 'MELDNA', NULL, 'MIRALLES', '0000-00-00', NULL, NULL, NULL, NULL, NULL, NULL, NULL, NULL, NULL, NULL, NULL, NULL, NULL, 'CEB-131', NULL, 0, 'em', '2016-07-15 02:44:07'),
(210, NULL, 'CEECILIO', 'H', 'MONTECINO', '0000-00-00', NULL, NULL, NULL, NULL, NULL, NULL, NULL, NULL, NULL, NULL, NULL, NULL, NULL, 'CEB-93', NULL, 0, 'em', '2016-07-15 02:44:07'),
(211, NULL, 'JOCELYN', 'C', 'NELMIDA', '0000-00-00', NULL, NULL, NULL, NULL, NULL, NULL, NULL, NULL, NULL, NULL, NULL, NULL, NULL, 'CEB-64', NULL, 0, 'em', '2016-07-15 02:44:07'),
(212, NULL, 'RICKY', 'L', 'NIBLA', '0000-00-00', NULL, NULL, NULL, NULL, NULL, NULL, NULL, NULL, NULL, NULL, NULL, NULL, NULL, 'CEB-122', NULL, 0, 'em', '2016-07-15 02:44:07'),
(213, NULL, 'NIEL .', NULL, 'NICOS', '0000-00-00', NULL, NULL, NULL, NULL, NULL, NULL, NULL, NULL, NULL, NULL, NULL, NULL, NULL, 'CEB-114', NULL, 0, 'em', '2016-07-15 02:44:07'),
(214, NULL, 'JHUNVIC', 'S', 'NIONES', '0000-00-00', NULL, NULL, NULL, NULL, NULL, NULL, NULL, NULL, NULL, NULL, NULL, NULL, NULL, 'CEB-111', NULL, 0, 'em', '2016-07-15 02:44:07'),
(215, NULL, 'MIGNON', 'A', 'ODIONG', '0000-00-00', NULL, NULL, NULL, NULL, NULL, NULL, NULL, NULL, NULL, NULL, NULL, NULL, NULL, 'CEB-16', NULL, 0, 'em', '2016-07-15 02:44:07'),
(216, NULL, 'NORVEN', NULL, 'OFRER', '0000-00-00', NULL, NULL, NULL, NULL, NULL, NULL, NULL, NULL, NULL, NULL, NULL, NULL, NULL, 'CEB-19', NULL, 0, 'em', '2016-07-15 02:44:07'),
(217, NULL, 'NESTOR SR S', NULL, 'OMEGA', '0000-00-00', NULL, NULL, NULL, NULL, NULL, NULL, NULL, NULL, NULL, NULL, NULL, NULL, NULL, 'CEB-41', NULL, 0, 'em', '2016-07-15 02:44:07'),
(218, NULL, 'WILMAR', 'R', 'ORFANO', '0000-00-00', NULL, NULL, NULL, NULL, NULL, NULL, NULL, NULL, NULL, NULL, NULL, NULL, NULL, 'CEB-146', NULL, 0, 'em', '2016-07-15 02:44:07'),
(219, NULL, 'NOLIA', NULL, 'OSIAS', '0000-00-00', NULL, NULL, NULL, NULL, NULL, NULL, NULL, NULL, NULL, NULL, NULL, NULL, NULL, 'CEB-72', NULL, 0, 'em', '2016-07-15 02:44:07'),
(220, NULL, 'ANITA', 'S', 'PABLO', '0000-00-00', NULL, NULL, NULL, NULL, NULL, NULL, NULL, NULL, NULL, NULL, NULL, NULL, NULL, 'CEB-133', NULL, 0, 'em', '2016-07-15 02:44:07'),
(221, NULL, 'BOYET', 'M', 'PADABOC', '0000-00-00', NULL, NULL, NULL, NULL, NULL, NULL, NULL, NULL, NULL, NULL, NULL, NULL, NULL, 'CEB-62', NULL, 0, 'em', '2016-07-15 02:44:07'),
(222, NULL, 'EPISORE', 'B', 'PANTINOPLE', '0000-00-00', NULL, NULL, NULL, NULL, NULL, NULL, NULL, NULL, NULL, NULL, NULL, NULL, NULL, 'CEB-81', NULL, 0, 'em', '2016-07-15 02:44:07'),
(223, NULL, 'RAQUEL', 'B', 'PARANE', '0000-00-00', NULL, NULL, NULL, NULL, NULL, NULL, NULL, NULL, NULL, NULL, NULL, NULL, NULL, 'CEB-12', NULL, 0, 'em', '2016-07-15 02:44:07'),
(224, NULL, 'JUDINA', 'P', 'PAUSA', '0000-00-00', NULL, NULL, NULL, NULL, NULL, NULL, NULL, NULL, NULL, NULL, NULL, NULL, NULL, 'CEB-10', NULL, 0, 'em', '2016-07-15 02:44:07'),
(225, NULL, 'LITO', 'T', 'PAUSA', '0000-00-00', NULL, NULL, NULL, NULL, NULL, NULL, NULL, NULL, NULL, NULL, NULL, NULL, NULL, 'CEB-143', NULL, 0, 'em', '2016-07-15 02:44:07'),
(226, NULL, 'ELMER', 'C', 'PLANDO', '0000-00-00', NULL, NULL, NULL, NULL, NULL, NULL, NULL, NULL, NULL, NULL, NULL, NULL, NULL, 'CEB-44', NULL, 0, 'em', '2016-07-15 02:44:07'),
(227, NULL, 'CRISTONI', 'L', 'PRIETO', '0000-00-00', NULL, NULL, NULL, NULL, NULL, NULL, NULL, NULL, NULL, NULL, NULL, NULL, NULL, 'CEB-105', NULL, 0, 'em', '2016-07-15 02:44:07'),
(228, NULL, 'PATROCENIO', 'I', 'PUERTO', '0000-00-00', NULL, NULL, NULL, NULL, NULL, NULL, NULL, NULL, NULL, NULL, NULL, NULL, NULL, 'CEB-128', NULL, 0, 'em', '2016-07-15 02:44:07'),
(229, NULL, 'ALFREDO JR.', 'T', 'QUINIO', '0000-00-00', NULL, NULL, NULL, NULL, NULL, NULL, NULL, NULL, NULL, NULL, NULL, NULL, NULL, 'CEB-148', NULL, 0, 'em', '2016-07-15 02:44:07'),
(230, NULL, 'EDISON', 'N', 'RAGANAS', '0000-00-00', NULL, NULL, NULL, NULL, NULL, NULL, NULL, NULL, NULL, NULL, NULL, NULL, NULL, 'CEB-13', NULL, 0, 'em', '2016-07-15 02:44:07'),
(231, NULL, 'DARA', 'S', 'RAMOS', '0000-00-00', NULL, NULL, NULL, NULL, NULL, NULL, NULL, NULL, NULL, NULL, NULL, NULL, NULL, 'CEB-23', NULL, 0, 'em', '2016-07-15 02:44:07'),
(232, NULL, 'CHARON', 'G', 'REPDOS', '0000-00-00', NULL, NULL, NULL, NULL, NULL, NULL, NULL, NULL, NULL, NULL, NULL, NULL, NULL, 'CEB-1', NULL, 0, 'em', '2016-07-15 02:44:07'),
(233, NULL, 'ROLAN A', NULL, 'REPDOS', '0000-00-00', NULL, NULL, NULL, NULL, NULL, NULL, NULL, NULL, NULL, NULL, NULL, NULL, NULL, 'CEB-159', NULL, 0, 'em', '2016-07-15 02:44:07'),
(234, NULL, 'RUSPER', 'R', 'RICABLANCA', '0000-00-00', NULL, NULL, NULL, NULL, NULL, NULL, NULL, NULL, NULL, NULL, NULL, NULL, NULL, 'CEB-71', NULL, 0, 'em', '2016-07-15 02:44:07'),
(235, NULL, 'ROBERTO', 'A', 'RICO', '0000-00-00', NULL, NULL, NULL, NULL, NULL, NULL, NULL, NULL, NULL, NULL, NULL, NULL, NULL, 'CEB-74', NULL, 0, 'em', '2016-07-15 02:44:07'),
(236, NULL, 'CHAREFE', 'C', 'RIPDOS', '0000-00-00', NULL, NULL, NULL, NULL, NULL, NULL, NULL, NULL, NULL, NULL, NULL, NULL, NULL, 'CEB-17', NULL, 0, 'em', '2016-07-15 02:44:07'),
(237, NULL, 'DIVINA', 'R', 'RIPDOS', '0000-00-00', NULL, NULL, NULL, NULL, NULL, NULL, NULL, NULL, NULL, NULL, NULL, NULL, NULL, 'CEB-162', NULL, 0, 'em', '2016-07-15 02:44:07'),
(238, NULL, 'FERNANDO', 'C', 'RODEMIO', '0000-00-00', NULL, NULL, NULL, NULL, NULL, NULL, NULL, NULL, NULL, NULL, NULL, NULL, NULL, 'CEB-153', NULL, 0, 'em', '2016-07-15 02:44:07'),
(239, NULL, 'RUDY', 'P', 'ROSARIO', '0000-00-00', NULL, NULL, NULL, NULL, NULL, NULL, NULL, NULL, NULL, NULL, NULL, NULL, NULL, 'CEB-126', NULL, 0, 'em', '2016-07-15 02:44:07'),
(240, NULL, 'ALVIN', 'C', 'ROSAROSO', '0000-00-00', NULL, NULL, NULL, NULL, NULL, NULL, NULL, NULL, NULL, NULL, NULL, NULL, NULL, 'CEB-130', NULL, 0, 'em', '2016-07-15 02:44:07'),
(241, NULL, 'RANDY', 'P', 'RUELO', '0000-00-00', NULL, NULL, NULL, NULL, NULL, NULL, NULL, NULL, NULL, NULL, NULL, NULL, NULL, 'CEB-135', NULL, 0, 'em', '2016-07-15 02:44:07'),
(242, NULL, 'JOSE', 'P', 'RUELO JR.', '0000-00-00', NULL, NULL, NULL, NULL, NULL, NULL, NULL, NULL, NULL, NULL, NULL, NULL, NULL, 'CEB-140', NULL, 0, 'em', '2016-07-15 02:44:07'),
(243, NULL, 'LARRY', 'T', 'SABROSO', '0000-00-00', NULL, NULL, NULL, NULL, NULL, NULL, NULL, NULL, NULL, NULL, NULL, NULL, NULL, 'CEB-124', NULL, 0, 'em', '2016-07-15 02:44:07'),
(244, NULL, 'BEVINA', 'B', 'SALANA', '0000-00-00', NULL, NULL, NULL, NULL, NULL, NULL, NULL, NULL, NULL, NULL, NULL, NULL, NULL, 'CEB-84', NULL, 0, 'em', '2016-07-15 02:44:07'),
(245, NULL, 'JULIETA', 'S', 'SALAO', '0000-00-00', NULL, NULL, NULL, NULL, NULL, NULL, NULL, NULL, NULL, NULL, NULL, NULL, NULL, 'CEB-157', NULL, 0, 'em', '2016-07-15 02:44:07'),
(246, NULL, 'JUANITO', 'A', 'SALOMAG', '0000-00-00', NULL, NULL, NULL, NULL, NULL, NULL, NULL, NULL, NULL, NULL, NULL, NULL, NULL, 'CEB-42', NULL, 0, 'em', '2016-07-15 02:44:07'),
(247, NULL, 'CONICONDO', 'E', 'SAMPITAN', '0000-00-00', NULL, NULL, NULL, NULL, NULL, NULL, NULL, NULL, NULL, NULL, NULL, NULL, NULL, 'CEB-136', NULL, 0, 'em', '2016-07-15 02:44:07'),
(248, NULL, 'ADELFA', 'R', 'SANOY', '0000-00-00', NULL, NULL, NULL, NULL, NULL, NULL, NULL, NULL, NULL, NULL, NULL, NULL, NULL, 'CEB-43', NULL, 0, 'em', '2016-07-15 02:44:07'),
(249, NULL, 'DESHIRYL', 'I', 'SANOY', '0000-00-00', NULL, NULL, NULL, NULL, NULL, NULL, NULL, NULL, NULL, NULL, NULL, NULL, NULL, 'CEB-121', NULL, 0, 'em', '2016-07-15 02:44:07'),
(250, NULL, 'EPEFANIO JR.', 'R', 'SANOY', '0000-00-00', NULL, NULL, NULL, NULL, NULL, NULL, NULL, NULL, NULL, NULL, NULL, NULL, NULL, 'CEB-161', NULL, 0, 'em', '2016-07-15 02:44:07'),
(251, NULL, 'KENT', 'D', 'SANOY', '0000-00-00', NULL, NULL, NULL, NULL, NULL, NULL, NULL, NULL, NULL, NULL, NULL, NULL, NULL, 'CEB-109', NULL, 0, 'em', '2016-07-15 02:44:07'),
(252, NULL, 'GARITO', 'B', 'SANTINYAMAN', '0000-00-00', NULL, NULL, NULL, NULL, NULL, NULL, NULL, NULL, NULL, NULL, NULL, NULL, NULL, 'CEB-151', NULL, 0, 'em', '2016-07-15 02:44:07'),
(253, NULL, 'ALBERT .', NULL, 'SATINITIGAN', '0000-00-00', NULL, NULL, NULL, NULL, NULL, NULL, NULL, NULL, NULL, NULL, NULL, NULL, NULL, 'CEB-104', NULL, 0, 'em', '2016-07-15 02:44:07'),
(254, NULL, 'ELLER', 'O', 'SELLE', '0000-00-00', NULL, NULL, NULL, NULL, NULL, NULL, NULL, NULL, NULL, NULL, NULL, NULL, NULL, 'CEB-24', NULL, 0, 'em', '2016-07-15 02:44:07'),
(255, NULL, 'CHRISTOPHER IAN', 'M', 'TAGACAY', '0000-00-00', NULL, NULL, NULL, NULL, NULL, NULL, NULL, NULL, NULL, NULL, NULL, NULL, NULL, 'CEB-39', NULL, 0, 'em', '2016-07-15 02:44:07'),
(256, NULL, 'JOSE', 'E', 'TAGACAY', '0000-00-00', NULL, NULL, NULL, NULL, NULL, NULL, NULL, NULL, NULL, NULL, NULL, NULL, NULL, 'CEB-99', NULL, 0, 'em', '2016-07-15 02:44:07'),
(257, NULL, 'NOLAN', 'E', 'TANGENTE', '0000-00-00', NULL, NULL, NULL, NULL, NULL, NULL, NULL, NULL, NULL, NULL, NULL, NULL, NULL, 'CEB-106', NULL, 0, 'em', '2016-07-15 02:44:07'),
(258, NULL, 'SATURNINO', 'D', 'VALDE', '0000-00-00', NULL, NULL, NULL, NULL, NULL, NULL, NULL, NULL, NULL, NULL, NULL, NULL, NULL, 'CEB-65', NULL, 0, 'em', '2016-07-15 02:44:07'),
(259, NULL, 'CELESTINO', 'I', 'WAHING', '0000-00-00', NULL, NULL, NULL, NULL, NULL, NULL, NULL, NULL, NULL, NULL, NULL, NULL, NULL, 'CEB-66', NULL, 0, 'em', '2016-07-15 02:44:07'),
(260, NULL, 'ERNIE', 'M', 'YBANEZ', '0000-00-00', NULL, NULL, NULL, NULL, NULL, NULL, NULL, NULL, NULL, NULL, NULL, NULL, NULL, 'CEB-50', NULL, 0, 'em', '2016-07-15 02:44:07'),
(261, NULL, 'JOREVER', 'E', 'BAUTISTA', '0000-00-00', NULL, NULL, NULL, NULL, NULL, NULL, NULL, NULL, NULL, NULL, NULL, NULL, NULL, 'CEB-163', NULL, 0, 'em', '2016-07-15 02:44:07'),
(262, NULL, 'NOREDEL', 'L', 'CABREZA', '0000-00-00', NULL, NULL, NULL, NULL, NULL, NULL, NULL, NULL, NULL, NULL, NULL, NULL, NULL, 'CEB-164', NULL, 0, 'em', '2016-07-15 02:44:07'),
(263, NULL, 'MARILOU', 'L', 'TANGO-AN', '0000-00-00', NULL, NULL, NULL, NULL, NULL, NULL, NULL, NULL, NULL, NULL, NULL, NULL, NULL, 'CEB-165', NULL, 0, 'em', '2016-07-15 02:44:07'),
(264, NULL, 'MARGIE', 'C', 'BACSAL', '0000-00-00', NULL, NULL, NULL, NULL, NULL, NULL, NULL, NULL, NULL, NULL, NULL, NULL, NULL, 'CEB-166', NULL, 0, 'em', '2016-07-15 02:44:07'),
(265, NULL, 'ELWIN', 'R', 'SANOY', '0000-00-00', NULL, NULL, NULL, NULL, NULL, NULL, NULL, NULL, NULL, NULL, NULL, NULL, NULL, 'CEB-168', NULL, 0, 'em', '2016-07-15 02:44:07'),
(266, NULL, 'OLIVER', 'D', 'YBANEZ', '0000-00-00', NULL, NULL, NULL, NULL, NULL, NULL, NULL, NULL, NULL, NULL, NULL, NULL, NULL, 'CEB-169', NULL, 0, 'em', '2016-07-15 02:44:07'),
(267, NULL, 'ANECITO', 'A', 'MANLISIK', '0000-00-00', NULL, NULL, NULL, NULL, NULL, NULL, NULL, NULL, NULL, NULL, NULL, NULL, NULL, 'CEB-170', NULL, 0, 'em', '2016-07-15 02:44:07'),
(268, NULL, 'GAUDIOSO', 'D', 'PACQUAIO', '0000-00-00', NULL, NULL, NULL, NULL, NULL, NULL, NULL, NULL, NULL, NULL, NULL, NULL, NULL, 'CEB-171', NULL, 0, 'em', '2016-07-15 02:44:07'),
(269, NULL, 'NORBERTO', 'S', 'TAGULABONG', '0000-00-00', NULL, NULL, NULL, NULL, NULL, NULL, NULL, NULL, NULL, NULL, NULL, NULL, NULL, 'CEB-172', NULL, 0, 'em', '2016-07-15 02:44:07'),
(270, NULL, 'SATURNINO', 'M', 'CANULIBANG', '0000-00-00', NULL, NULL, NULL, NULL, NULL, NULL, NULL, NULL, NULL, NULL, NULL, NULL, NULL, 'CEB-173', NULL, 0, 'em', '2016-07-15 02:44:07'),
(271, NULL, 'JESSIEREL', 'L', 'LUBINDINA', '0000-00-00', NULL, NULL, NULL, NULL, NULL, NULL, NULL, NULL, NULL, NULL, NULL, NULL, NULL, 'CEB-174', NULL, 0, 'em', '2016-07-15 02:44:07'),
(272, NULL, 'ROSSEL', 'C', 'PACANA', '0000-00-00', NULL, NULL, NULL, NULL, NULL, NULL, NULL, NULL, NULL, NULL, NULL, NULL, NULL, 'CEB-175', NULL, 0, 'em', '2016-07-15 02:44:07'),
(273, NULL, 'JERRY', NULL, 'BANAWA', '0000-00-00', NULL, NULL, NULL, NULL, NULL, NULL, NULL, NULL, NULL, NULL, NULL, NULL, NULL, 'CEB-176', NULL, 0, 'em', '2016-07-15 02:44:07'),
(274, NULL, 'JAMES EMELITO', 'E', 'PAJAGANAS', '0000-00-00', NULL, NULL, NULL, NULL, NULL, NULL, NULL, NULL, NULL, NULL, NULL, NULL, NULL, 'CEB- 177', NULL, 0, 'em', '2016-07-15 02:44:07');

-- --------------------------------------------------------

--
-- Table structure for table `employee_attendance`
--

CREATE TABLE `employee_attendance` (
  `id` int(10) UNSIGNED NOT NULL,
  `employee_id` int(10) UNSIGNED NOT NULL,
  `datetime_in` timestamp NULL DEFAULT NULL,
  `datetime_out` timestamp NULL DEFAULT NULL,
  `request_id` int(10) UNSIGNED DEFAULT NULL,
  `upload_batch` int(11) NOT NULL,
  `created_by` int(10) UNSIGNED NOT NULL,
  `last_updated_by` int(10) UNSIGNED NOT NULL,
  `last_approved_by` int(10) UNSIGNED NOT NULL,
  `date_created` datetime NOT NULL DEFAULT CURRENT_TIMESTAMP
) ENGINE=InnoDB DEFAULT CHARSET=utf8 COLLATE=utf8_bin;

--
-- Dumping data for table `employee_attendance`
--

INSERT INTO `employee_attendance` (`id`, `employee_id`, `datetime_in`, `datetime_out`, `request_id`, `upload_batch`, `created_by`, `last_updated_by`, `last_approved_by`, `date_created`) VALUES
(2273, 3, '2016-06-23 05:00:00', '2016-06-23 09:00:00', NULL, 1, 3, 3, 3, '2016-06-15 19:41:45'),
(2274, 3, '2016-06-23 00:00:00', '2016-06-23 04:00:00', NULL, 1, 3, 3, 3, '2016-06-15 19:41:45'),
(2275, 150, '2016-07-05 09:08:00', NULL, NULL, 2, 3, 3, 3, '2016-07-15 17:39:16'),
(2276, 150, '2016-07-06 10:16:00', NULL, NULL, 2, 3, 3, 3, '2016-07-15 17:39:16'),
(2277, 150, '2016-07-07 00:06:00', '2016-07-07 09:17:00', NULL, 2, 3, 3, 3, '2016-07-15 17:39:16'),
(2278, 150, NULL, '2016-07-07 09:17:00', NULL, 2, 3, 3, 3, '2016-07-15 17:39:16'),
(2279, 150, '2016-07-07 21:24:00', '2016-07-08 09:21:00', NULL, 2, 3, 3, 3, '2016-07-15 17:39:16'),
(2280, 150, '2016-07-08 22:01:00', '2016-07-09 07:07:00', NULL, 2, 3, 3, 3, '2016-07-15 17:39:16'),
(2281, 150, NULL, '2016-07-09 07:08:00', NULL, 2, 3, 3, 3, '2016-07-15 17:39:16'),
(2282, 150, '2016-07-10 22:04:00', NULL, NULL, 2, 3, 3, 3, '2016-07-15 17:39:16'),
(2283, 101, '2016-07-07 23:29:00', '2016-07-08 08:41:00', NULL, 2, 3, 3, 3, '2016-07-15 17:39:16'),
(2284, 101, '2016-07-08 23:18:00', '2016-07-09 08:28:00', NULL, 2, 3, 3, 3, '2016-07-15 17:39:16'),
(2285, 101, '2016-07-10 23:30:00', NULL, NULL, 2, 3, 3, 3, '2016-07-15 17:39:16'),
(2286, 103, NULL, '2016-07-07 09:17:00', NULL, 2, 3, 3, 3, '2016-07-15 17:39:16'),
(2287, 103, '2016-07-10 23:31:00', NULL, NULL, 2, 3, 3, 3, '2016-07-15 17:39:16'),
(2288, 104, NULL, '2016-07-06 09:19:00', NULL, 2, 3, 3, 3, '2016-07-15 17:39:16'),
(2289, 104, '2016-07-06 20:58:00', '2016-07-07 09:12:00', NULL, 2, 3, 3, 3, '2016-07-15 17:39:16'),
(2290, 104, '2016-07-07 21:05:00', NULL, NULL, 2, 3, 3, 3, '2016-07-15 17:39:16'),
(2291, 104, '2016-07-09 20:38:00', NULL, NULL, 2, 3, 3, 3, '2016-07-15 17:39:16'),
(2292, 104, '2016-07-11 00:01:00', NULL, NULL, 2, 3, 3, 3, '2016-07-15 17:39:16'),
(2293, 106, NULL, '2016-07-06 13:10:00', NULL, 2, 3, 3, 3, '2016-07-15 17:39:16'),
(2294, 106, '2016-07-06 23:59:00', '2016-07-07 09:07:00', NULL, 2, 3, 3, 3, '2016-07-15 17:39:16'),
(2295, 106, '2016-07-07 23:58:00', NULL, NULL, 2, 3, 3, 3, '2016-07-15 17:39:16'),
(2296, 106, NULL, '2016-07-09 09:09:00', NULL, 2, 3, 3, 3, '2016-07-15 17:39:16'),
(2297, 106, '2016-07-10 23:58:00', NULL, NULL, 2, 3, 3, 3, '2016-07-15 17:39:16'),
(2298, 108, '2016-07-06 21:43:00', '2016-07-07 09:11:00', NULL, 2, 3, 3, 3, '2016-07-15 17:39:16'),
(2299, 108, '2016-07-07 22:54:00', NULL, NULL, 2, 3, 3, 3, '2016-07-15 17:39:16'),
(2300, 108, NULL, '2016-07-09 09:24:00', NULL, 2, 3, 3, 3, '2016-07-15 17:39:16'),
(2301, 108, '2016-07-09 22:34:00', '2016-07-10 09:15:00', NULL, 2, 3, 3, 3, '2016-07-15 17:39:16'),
(2302, 108, '2016-07-10 22:03:00', NULL, NULL, 2, 3, 3, 3, '2016-07-15 17:39:16'),
(2303, 109, '2016-07-06 10:41:00', NULL, NULL, 2, 3, 3, 3, '2016-07-15 17:39:16'),
(2304, 109, '2016-07-06 21:54:00', NULL, NULL, 2, 3, 3, 3, '2016-07-15 17:39:16'),
(2305, 109, '2016-07-07 10:54:00', NULL, NULL, 2, 3, 3, 3, '2016-07-15 17:39:16'),
(2306, 109, '2016-07-07 22:02:00', NULL, NULL, 2, 3, 3, 3, '2016-07-15 17:39:16'),
(2307, 109, '2016-07-09 10:36:00', NULL, NULL, 2, 3, 3, 3, '2016-07-15 17:39:16'),
(2308, 110, '2016-07-06 09:49:00', '2016-07-06 09:49:00', NULL, 2, 3, 3, 3, '2016-07-15 17:39:16'),
(2309, 110, '2016-07-06 23:51:00', '2016-07-07 10:17:00', NULL, 2, 3, 3, 3, '2016-07-15 17:39:16'),
(2310, 110, '2016-07-07 23:47:00', NULL, NULL, 2, 3, 3, 3, '2016-07-15 17:39:16'),
(2311, 110, '2016-07-09 10:26:00', '2016-07-09 10:26:00', NULL, 2, 3, 3, 3, '2016-07-15 17:39:16'),
(2312, 110, '2016-07-10 23:59:00', NULL, NULL, 2, 3, 3, 3, '2016-07-15 17:39:16'),
(2313, 111, '2016-07-06 09:29:00', NULL, NULL, 2, 3, 3, 3, '2016-07-15 17:39:16'),
(2314, 111, '2016-07-06 22:12:00', NULL, NULL, 2, 3, 3, 3, '2016-07-15 17:39:16'),
(2315, 111, '2016-07-07 09:28:00', NULL, NULL, 2, 3, 3, 3, '2016-07-15 17:39:16'),
(2316, 111, '2016-07-07 22:09:00', NULL, NULL, 2, 3, 3, 3, '2016-07-15 17:39:16'),
(2317, 111, '2016-07-09 09:13:00', NULL, NULL, 2, 3, 3, 3, '2016-07-15 17:39:16'),
(2318, 111, '2016-07-09 22:24:00', NULL, NULL, 2, 3, 3, 3, '2016-07-15 17:39:16'),
(2319, 111, '2016-07-10 23:33:00', NULL, NULL, 2, 3, 3, 3, '2016-07-15 17:39:16'),
(2320, 113, '2016-07-04 10:40:00', NULL, NULL, 2, 3, 3, 3, '2016-07-15 17:39:16'),
(2321, 113, NULL, '2016-07-06 10:09:00', NULL, 2, 3, 3, 3, '2016-07-15 17:39:16'),
(2322, 113, '2016-07-06 22:41:00', '2016-07-07 11:04:00', NULL, 2, 3, 3, 3, '2016-07-15 17:39:16'),
(2323, 113, '2016-07-07 23:10:00', NULL, NULL, 2, 3, 3, 3, '2016-07-15 17:39:16'),
(2324, 113, '2016-07-09 04:48:00', '2016-07-09 04:49:00', NULL, 2, 3, 3, 3, '2016-07-15 17:39:16'),
(2325, 113, '2016-07-09 04:49:00', NULL, NULL, 2, 3, 3, 3, '2016-07-15 17:39:16'),
(2326, 113, '2016-07-09 04:50:00', '2016-07-09 09:29:00', NULL, 2, 3, 3, 3, '2016-07-15 17:39:16'),
(2327, 113, '2016-07-10 23:26:00', NULL, NULL, 2, 3, 3, 3, '2016-07-15 17:39:16'),
(2328, 114, '2016-07-06 23:41:00', '2016-07-07 09:10:00', NULL, 2, 3, 3, 3, '2016-07-15 17:39:16'),
(2329, 114, '2016-07-07 23:41:00', NULL, NULL, 2, 3, 3, 3, '2016-07-15 17:39:16'),
(2330, 114, '2016-07-08 23:49:00', NULL, NULL, 2, 3, 3, 3, '2016-07-15 17:39:16'),
(2331, 114, '2016-07-09 07:48:00', '2016-07-09 09:09:00', NULL, 2, 3, 3, 3, '2016-07-15 17:39:16'),
(2332, 114, '2016-07-10 23:47:00', '2016-07-10 23:47:00', NULL, 2, 3, 3, 3, '2016-07-15 17:39:16'),
(2333, 114, '2016-07-10 23:56:00', NULL, NULL, 2, 3, 3, 3, '2016-07-15 17:39:16'),
(2334, 115, NULL, '2016-07-06 09:13:00', NULL, 2, 3, 3, 3, '2016-07-15 17:39:16'),
(2335, 115, '2016-07-06 23:35:00', '2016-07-07 09:15:00', NULL, 2, 3, 3, 3, '2016-07-15 17:39:16'),
(2336, 115, '2016-07-07 23:32:00', NULL, NULL, 2, 3, 3, 3, '2016-07-15 17:39:16'),
(2337, 115, '2016-07-08 23:18:00', NULL, NULL, 2, 3, 3, 3, '2016-07-15 17:39:16'),
(2338, 115, '2016-07-09 06:44:00', '2016-07-09 09:15:00', NULL, 2, 3, 3, 3, '2016-07-15 17:39:16'),
(2339, 115, '2016-07-10 23:28:00', NULL, NULL, 2, 3, 3, 3, '2016-07-15 17:39:16'),
(2340, 116, NULL, '2016-07-06 09:06:00', NULL, 2, 3, 3, 3, '2016-07-15 17:39:16'),
(2341, 116, '2016-07-06 21:17:00', '2016-07-07 09:57:00', NULL, 2, 3, 3, 3, '2016-07-15 17:39:16'),
(2342, 116, '2016-07-07 23:55:00', NULL, NULL, 2, 3, 3, 3, '2016-07-15 17:39:16'),
(2343, 116, NULL, '2016-07-09 11:26:00', NULL, 2, 3, 3, 3, '2016-07-15 17:39:16'),
(2344, 116, '2016-07-10 23:47:00', NULL, NULL, 2, 3, 3, 3, '2016-07-15 17:39:16'),
(2345, 264, NULL, '2016-07-07 09:09:00', NULL, 2, 3, 3, 3, '2016-07-15 17:39:16'),
(2346, 264, '2016-07-07 23:52:00', NULL, NULL, 2, 3, 3, 3, '2016-07-15 17:39:16'),
(2347, 264, NULL, '2016-07-09 09:06:00', NULL, 2, 3, 3, 3, '2016-07-15 17:39:16'),
(2348, 117, '2016-07-04 09:14:00', NULL, NULL, 2, 3, 3, 3, '2016-07-15 17:39:16'),
(2349, 117, '2016-07-04 09:14:00', NULL, NULL, 2, 3, 3, 3, '2016-07-15 17:39:16'),
(2350, 117, '2016-07-06 09:27:00', NULL, NULL, 2, 3, 3, 3, '2016-07-15 17:39:16'),
(2351, 117, NULL, '2016-07-07 00:04:00', NULL, 2, 3, 3, 3, '2016-07-15 17:39:16'),
(2352, 117, '2016-07-07 09:17:00', NULL, NULL, 2, 3, 3, 3, '2016-07-15 17:39:16'),
(2353, 117, NULL, '2016-07-08 00:00:00', NULL, 2, 3, 3, 3, '2016-07-15 17:39:16'),
(2354, 117, '2016-07-09 09:13:00', NULL, NULL, 2, 3, 3, 3, '2016-07-15 17:39:16'),
(2355, 117, NULL, '2016-07-09 22:15:00', NULL, 2, 3, 3, 3, '2016-07-15 17:39:16'),
(2356, 117, '2016-07-10 09:09:00', NULL, NULL, 2, 3, 3, 3, '2016-07-15 17:39:16'),
(2357, 117, NULL, '2016-07-11 00:05:00', NULL, 2, 3, 3, 3, '2016-07-15 17:39:16'),
(2358, 118, NULL, '2016-07-06 09:07:00', NULL, 2, 3, 3, 3, '2016-07-15 17:39:16'),
(2359, 118, '2016-07-06 23:44:00', NULL, NULL, 2, 3, 3, 3, '2016-07-15 17:39:16'),
(2360, 118, '2016-07-07 09:10:00', NULL, NULL, 2, 3, 3, 3, '2016-07-15 17:39:16'),
(2361, 118, '2016-07-07 23:54:00', NULL, NULL, 2, 3, 3, 3, '2016-07-15 17:39:16'),
(2362, 118, '2016-07-09 00:06:00', NULL, NULL, 2, 3, 3, 3, '2016-07-15 17:39:16'),
(2363, 118, '2016-07-09 00:07:00', NULL, NULL, 2, 3, 3, 3, '2016-07-15 17:39:16'),
(2364, 118, '2016-07-09 09:27:00', NULL, NULL, 2, 3, 3, 3, '2016-07-15 17:39:16'),
(2365, 118, '2016-07-10 23:59:00', NULL, NULL, 2, 3, 3, 3, '2016-07-15 17:39:16'),
(2366, 119, '2016-07-07 23:11:00', NULL, NULL, 2, 3, 3, 3, '2016-07-15 17:39:16'),
(2367, 119, NULL, '2016-07-09 10:27:00', NULL, 2, 3, 3, 3, '2016-07-15 17:39:16'),
(2368, 119, '2016-07-09 21:39:00', NULL, NULL, 2, 3, 3, 3, '2016-07-15 17:39:16'),
(2369, 120, NULL, '2016-07-07 09:01:00', NULL, 2, 3, 3, 3, '2016-07-15 17:39:16'),
(2370, 121, '2016-07-07 00:28:00', NULL, NULL, 2, 3, 3, 3, '2016-07-15 17:39:16'),
(2371, 121, '2016-07-07 09:27:00', NULL, NULL, 2, 3, 3, 3, '2016-07-15 17:39:16'),
(2372, 121, '2016-07-08 00:09:00', NULL, NULL, 2, 3, 3, 3, '2016-07-15 17:39:16'),
(2373, 121, '2016-07-09 02:22:00', NULL, NULL, 2, 3, 3, 3, '2016-07-15 17:39:16'),
(2374, 121, '2016-07-09 02:22:00', NULL, NULL, 2, 3, 3, 3, '2016-07-15 17:39:16'),
(2375, 121, '2016-07-09 04:50:00', NULL, NULL, 2, 3, 3, 3, '2016-07-15 17:39:16'),
(2376, 121, '2016-07-11 00:16:00', NULL, NULL, 2, 3, 3, 3, '2016-07-15 17:39:16'),
(2377, 123, NULL, '2016-07-06 09:03:00', NULL, 2, 3, 3, 3, '2016-07-15 17:39:16'),
(2378, 123, NULL, '2016-07-06 09:03:00', NULL, 2, 3, 3, 3, '2016-07-15 17:39:16'),
(2379, 123, '2016-07-06 23:52:00', '2016-07-07 09:10:00', NULL, 2, 3, 3, 3, '2016-07-15 17:39:16'),
(2380, 123, '2016-07-07 23:56:00', NULL, NULL, 2, 3, 3, 3, '2016-07-15 17:39:16'),
(2381, 123, '2016-07-10 23:56:00', NULL, NULL, 2, 3, 3, 3, '2016-07-15 17:39:16'),
(2382, 124, NULL, '2016-07-06 09:00:00', NULL, 2, 3, 3, 3, '2016-07-15 17:39:16'),
(2383, 124, '2016-07-06 23:20:00', NULL, NULL, 2, 3, 3, 3, '2016-07-15 17:39:16'),
(2384, 124, '2016-07-07 09:10:00', NULL, NULL, 2, 3, 3, 3, '2016-07-15 17:39:16'),
(2385, 124, '2016-07-07 23:30:00', NULL, NULL, 2, 3, 3, 3, '2016-07-15 17:39:16'),
(2386, 124, '2016-07-10 23:15:00', NULL, NULL, 2, 3, 3, 3, '2016-07-15 17:39:16'),
(2387, 125, NULL, '2016-07-06 09:07:00', NULL, 2, 3, 3, 3, '2016-07-15 17:39:16'),
(2388, 125, '2016-07-07 23:50:00', NULL, NULL, 2, 3, 3, 3, '2016-07-15 17:39:16'),
(2389, 125, '2016-07-09 09:05:00', '2016-07-09 09:06:00', NULL, 2, 3, 3, 3, '2016-07-15 17:39:16'),
(2390, 125, '2016-07-09 23:57:00', '2016-07-10 09:06:00', NULL, 2, 3, 3, 3, '2016-07-15 17:39:16'),
(2391, 125, '2016-07-10 23:54:00', NULL, NULL, 2, 3, 3, 3, '2016-07-15 17:39:16'),
(2392, 261, '2016-07-06 23:58:00', '2016-07-07 09:09:00', NULL, 2, 3, 3, 3, '2016-07-15 17:39:16'),
(2393, 261, '2016-07-07 09:09:00', NULL, NULL, 2, 3, 3, 3, '2016-07-15 17:39:16'),
(2394, 261, NULL, '2016-07-09 09:06:00', NULL, 2, 3, 3, 3, '2016-07-15 17:39:16'),
(2395, 126, NULL, '2016-07-04 10:12:00', NULL, 2, 3, 3, 3, '2016-07-15 17:39:16'),
(2396, 126, NULL, '2016-07-06 10:09:00', NULL, 2, 3, 3, 3, '2016-07-15 17:39:16'),
(2397, 126, '2016-07-06 23:55:00', '2016-07-07 10:33:00', NULL, 2, 3, 3, 3, '2016-07-15 17:39:16'),
(2398, 126, NULL, '2016-07-09 09:09:00', NULL, 2, 3, 3, 3, '2016-07-15 17:39:16'),
(2399, 126, '2016-07-09 23:52:00', NULL, NULL, 2, 3, 3, 3, '2016-07-15 17:39:16'),
(2400, 126, '2016-07-10 23:52:00', NULL, NULL, 2, 3, 3, 3, '2016-07-15 17:39:16'),
(2401, 128, '2016-07-04 09:10:00', NULL, NULL, 2, 3, 3, 3, '2016-07-15 17:39:16'),
(2402, 128, '2016-07-05 09:15:00', '2016-07-05 09:15:00', NULL, 2, 3, 3, 3, '2016-07-15 17:39:16'),
(2403, 128, NULL, '2016-07-06 09:05:00', NULL, 2, 3, 3, 3, '2016-07-15 17:39:16'),
(2404, 128, '2016-07-06 23:52:00', '2016-07-07 09:35:00', NULL, 2, 3, 3, 3, '2016-07-15 17:39:16'),
(2405, 128, '2016-07-07 23:58:00', NULL, NULL, 2, 3, 3, 3, '2016-07-15 17:39:16'),
(2406, 128, '2016-07-09 07:49:00', '2016-07-09 09:15:00', NULL, 2, 3, 3, 3, '2016-07-15 17:39:16'),
(2407, 128, '2016-07-10 23:52:00', NULL, NULL, 2, 3, 3, 3, '2016-07-15 17:39:16'),
(2408, 129, NULL, '2016-07-06 09:04:00', NULL, 2, 3, 3, 3, '2016-07-15 17:39:16'),
(2409, 129, '2016-07-08 00:03:00', NULL, NULL, 2, 3, 3, 3, '2016-07-15 17:39:16'),
(2410, 129, '2016-07-09 07:49:00', '2016-07-09 09:30:00', NULL, 2, 3, 3, 3, '2016-07-15 17:39:16'),
(2411, 129, '2016-07-11 00:02:00', NULL, NULL, 2, 3, 3, 3, '2016-07-15 17:39:16'),
(2412, 262, NULL, '2016-07-07 09:08:00', NULL, 2, 3, 3, 3, '2016-07-15 17:39:16'),
(2413, 262, '2016-07-07 23:50:00', NULL, NULL, 2, 3, 3, 3, '2016-07-15 17:39:16'),
(2414, 130, '2016-07-05 09:45:00', NULL, NULL, 2, 3, 3, 3, '2016-07-15 17:39:16'),
(2415, 130, '2016-07-05 23:48:00', '2016-07-06 10:03:00', NULL, 2, 3, 3, 3, '2016-07-15 17:39:16'),
(2416, 130, '2016-07-06 23:50:00', '2016-07-07 12:10:00', NULL, 2, 3, 3, 3, '2016-07-15 17:39:16'),
(2417, 130, NULL, '2016-07-08 00:00:00', NULL, 2, 3, 3, 3, '2016-07-15 17:39:16'),
(2418, 130, '2016-07-10 00:18:00', NULL, NULL, 2, 3, 3, 3, '2016-07-15 17:39:16'),
(2419, 130, '2016-07-10 05:07:00', NULL, NULL, 2, 3, 3, 3, '2016-07-15 17:39:16'),
(2420, 130, '2016-07-10 23:55:00', NULL, NULL, 2, 3, 3, 3, '2016-07-15 17:39:16'),
(2421, 131, '2016-07-07 09:01:00', '2016-07-07 09:02:00', NULL, 2, 3, 3, 3, '2016-07-15 17:39:16'),
(2422, 132, NULL, '2016-07-06 10:13:00', NULL, 2, 3, 3, 3, '2016-07-15 17:39:16'),
(2423, 132, '2016-07-07 23:54:00', NULL, NULL, 2, 3, 3, 3, '2016-07-15 17:39:16'),
(2424, 132, NULL, '2016-07-09 09:28:00', NULL, 2, 3, 3, 3, '2016-07-15 17:39:16'),
(2425, 132, '2016-07-09 23:44:00', NULL, NULL, 2, 3, 3, 3, '2016-07-15 17:39:16'),
(2426, 132, '2016-07-10 23:47:00', NULL, NULL, 2, 3, 3, 3, '2016-07-15 17:39:16'),
(2427, 133, NULL, '2016-07-06 13:10:00', NULL, 2, 3, 3, 3, '2016-07-15 17:39:16'),
(2428, 133, '2016-07-06 23:56:00', '2016-07-07 09:05:00', NULL, 2, 3, 3, 3, '2016-07-15 17:39:16'),
(2429, 133, '2016-07-07 23:38:00', NULL, NULL, 2, 3, 3, 3, '2016-07-15 17:39:16'),
(2430, 133, NULL, '2016-07-09 09:02:00', NULL, 2, 3, 3, 3, '2016-07-15 17:39:16'),
(2431, 133, '2016-07-10 23:37:00', '2016-07-11 01:17:00', NULL, 2, 3, 3, 3, '2016-07-15 17:39:16'),
(2432, 134, NULL, '2016-07-06 10:13:00', NULL, 2, 3, 3, 3, '2016-07-15 17:39:16'),
(2433, 134, '2016-07-06 23:31:00', '2016-07-07 10:34:00', NULL, 2, 3, 3, 3, '2016-07-15 17:39:16'),
(2434, 134, NULL, '2016-07-09 09:10:00', NULL, 2, 3, 3, 3, '2016-07-15 17:39:16'),
(2435, 134, '2016-07-09 23:26:00', NULL, NULL, 2, 3, 3, 3, '2016-07-15 17:39:16'),
(2436, 134, '2016-07-10 23:36:00', NULL, NULL, 2, 3, 3, 3, '2016-07-15 17:39:16'),
(2437, 135, NULL, '2016-07-06 09:06:00', NULL, 2, 3, 3, 3, '2016-07-15 17:39:16'),
(2438, 135, '2016-07-06 23:58:00', '2016-07-07 09:13:00', NULL, 2, 3, 3, 3, '2016-07-15 17:39:16'),
(2439, 135, '2016-07-07 23:50:00', NULL, NULL, 2, 3, 3, 3, '2016-07-15 17:39:16'),
(2440, 135, NULL, '2016-07-09 09:05:00', NULL, 2, 3, 3, 3, '2016-07-15 17:39:16'),
(2441, 135, '2016-07-10 23:42:00', NULL, NULL, 2, 3, 3, 3, '2016-07-15 17:39:16'),
(2442, 136, NULL, '2016-07-06 09:07:00', NULL, 2, 3, 3, 3, '2016-07-15 17:39:16'),
(2443, 136, '2016-07-06 23:59:00', '2016-07-07 10:15:00', NULL, 2, 3, 3, 3, '2016-07-15 17:39:16'),
(2444, 136, NULL, '2016-07-09 09:05:00', NULL, 2, 3, 3, 3, '2016-07-15 17:39:16'),
(2445, 136, '2016-07-09 23:56:00', NULL, NULL, 2, 3, 3, 3, '2016-07-15 17:39:16'),
(2446, 136, '2016-07-10 23:42:00', NULL, NULL, 2, 3, 3, 3, '2016-07-15 17:39:16'),
(2447, 137, '2016-07-06 23:42:00', '2016-07-07 10:01:00', NULL, 2, 3, 3, 3, '2016-07-15 17:39:16'),
(2448, 137, NULL, '2016-07-07 10:01:00', NULL, 2, 3, 3, 3, '2016-07-15 17:39:16'),
(2449, 137, '2016-07-07 21:53:00', NULL, NULL, 2, 3, 3, 3, '2016-07-15 17:39:16'),
(2450, 137, '2016-07-08 23:50:00', '2016-07-09 11:32:00', NULL, 2, 3, 3, 3, '2016-07-15 17:39:16'),
(2451, 137, '2016-07-09 11:32:00', NULL, NULL, 2, 3, 3, 3, '2016-07-15 17:39:16'),
(2452, 137, '2016-07-10 23:48:00', NULL, NULL, 2, 3, 3, 3, '2016-07-15 17:39:16'),
(2453, 138, NULL, '2016-07-07 10:02:00', NULL, 2, 3, 3, 3, '2016-07-15 17:39:16'),
(2454, 138, NULL, '2016-07-09 11:32:00', NULL, 2, 3, 3, 3, '2016-07-15 17:39:16'),
(2455, 138, '2016-07-10 23:58:00', NULL, NULL, 2, 3, 3, 3, '2016-07-15 17:39:16'),
(2456, 140, '2016-07-05 09:32:00', NULL, NULL, 2, 3, 3, 3, '2016-07-15 17:39:16'),
(2457, 140, '2016-07-05 23:40:00', NULL, NULL, 2, 3, 3, 3, '2016-07-15 17:39:16'),
(2458, 140, '2016-07-06 09:38:00', NULL, NULL, 2, 3, 3, 3, '2016-07-15 17:39:16'),
(2459, 140, '2016-07-06 09:38:00', NULL, NULL, 2, 3, 3, 3, '2016-07-15 17:39:16'),
(2460, 140, '2016-07-06 23:45:00', '2016-07-07 09:45:00', NULL, 2, 3, 3, 3, '2016-07-15 17:39:16'),
(2461, 140, '2016-07-07 23:44:00', NULL, NULL, 2, 3, 3, 3, '2016-07-15 17:39:16'),
(2462, 140, '2016-07-08 10:06:00', NULL, NULL, 2, 3, 3, 3, '2016-07-15 17:39:16'),
(2463, 140, '2016-07-08 10:06:00', NULL, NULL, 2, 3, 3, 3, '2016-07-15 17:39:16'),
(2464, 140, '2016-07-08 23:48:00', NULL, NULL, 2, 3, 3, 3, '2016-07-15 17:39:16'),
(2465, 140, '2016-07-09 09:56:00', NULL, NULL, 2, 3, 3, 3, '2016-07-15 17:39:16'),
(2466, 140, '2016-07-10 23:48:00', NULL, NULL, 2, 3, 3, 3, '2016-07-15 17:39:16'),
(2467, 142, '2016-07-06 09:23:00', NULL, NULL, 2, 3, 3, 3, '2016-07-15 17:39:16'),
(2468, 142, '2016-07-06 22:47:00', '2016-07-07 10:05:00', NULL, 2, 3, 3, 3, '2016-07-15 17:39:16'),
(2469, 142, '2016-07-07 22:52:00', '2016-07-08 10:24:00', NULL, 2, 3, 3, 3, '2016-07-15 17:39:16'),
(2470, 142, '2016-07-08 22:55:00', '2016-07-09 09:16:00', NULL, 2, 3, 3, 3, '2016-07-15 17:39:16'),
(2471, 142, '2016-07-09 23:29:00', '2016-07-10 07:05:00', NULL, 2, 3, 3, 3, '2016-07-15 17:39:16'),
(2472, 142, '2016-07-10 23:38:00', NULL, NULL, 2, 3, 3, 3, '2016-07-15 17:39:16'),
(2473, 146, '2016-07-05 09:06:00', '2016-07-05 09:06:00', NULL, 2, 3, 3, 3, '2016-07-15 17:39:16'),
(2474, 146, '2016-07-06 23:58:00', '2016-07-07 11:03:00', NULL, 2, 3, 3, 3, '2016-07-15 17:39:16'),
(2475, 146, '2016-07-07 23:00:00', '2016-07-08 12:13:00', NULL, 2, 3, 3, 3, '2016-07-15 17:39:16'),
(2476, 146, '2016-07-08 23:36:00', NULL, NULL, 2, 3, 3, 3, '2016-07-15 17:39:16'),
(2477, 146, '2016-07-08 23:36:00', '2016-07-09 13:24:00', NULL, 2, 3, 3, 3, '2016-07-15 17:39:16'),
(2478, 146, NULL, '2016-07-09 13:24:00', NULL, 2, 3, 3, 3, '2016-07-15 17:39:16'),
(2479, 146, '2016-07-10 23:51:00', NULL, NULL, 2, 3, 3, 3, '2016-07-15 17:39:16'),
(2480, 147, NULL, '2016-07-05 09:28:00', NULL, 2, 3, 3, 3, '2016-07-15 17:39:16'),
(2481, 147, NULL, '2016-07-05 09:28:00', NULL, 2, 3, 3, 3, '2016-07-15 17:39:16'),
(2482, 147, '2016-07-05 23:57:00', NULL, NULL, 2, 3, 3, 3, '2016-07-15 17:39:16'),
(2483, 147, '2016-07-05 23:57:00', '2016-07-06 09:26:00', NULL, 2, 3, 3, 3, '2016-07-15 17:39:16'),
(2484, 147, '2016-07-07 00:03:00', NULL, NULL, 2, 3, 3, 3, '2016-07-15 17:39:16'),
(2485, 147, '2016-07-07 00:03:00', '2016-07-07 09:24:00', NULL, 2, 3, 3, 3, '2016-07-15 17:39:16'),
(2486, 147, '2016-07-08 00:00:00', '2016-07-08 10:33:00', NULL, 2, 3, 3, 3, '2016-07-15 17:39:16'),
(2487, 147, '2016-07-08 23:59:00', '2016-07-09 09:37:00', NULL, 2, 3, 3, 3, '2016-07-15 17:39:16'),
(2488, 147, NULL, '2016-07-09 09:38:00', NULL, 2, 3, 3, 3, '2016-07-15 17:39:16'),
(2489, 147, '2016-07-10 23:59:00', NULL, NULL, 2, 3, 3, 3, '2016-07-15 17:39:16'),
(2490, 148, NULL, '2016-07-06 13:12:00', NULL, 2, 3, 3, 3, '2016-07-15 17:39:16'),
(2491, 148, '2016-07-07 00:06:00', '2016-07-07 09:45:00', NULL, 2, 3, 3, 3, '2016-07-15 17:39:16'),
(2492, 148, '2016-07-08 00:02:00', '2016-07-08 09:09:00', NULL, 2, 3, 3, 3, '2016-07-15 17:39:16'),
(2493, 148, '2016-07-09 00:00:00', '2016-07-09 09:37:00', NULL, 2, 3, 3, 3, '2016-07-15 17:39:16'),
(2494, 148, '2016-07-11 00:00:00', NULL, NULL, 2, 3, 3, 3, '2016-07-15 17:39:16'),
(2495, 149, NULL, '2016-07-09 09:30:00', NULL, 2, 3, 3, 3, '2016-07-15 17:39:16'),
(2496, 149, '2016-07-09 23:20:00', NULL, NULL, 2, 3, 3, 3, '2016-07-15 17:39:16'),
(2497, 149, '2016-07-10 09:32:00', NULL, NULL, 2, 3, 3, 3, '2016-07-15 17:39:16'),
(2498, 151, '2016-07-07 00:03:00', NULL, NULL, 2, 3, 3, 3, '2016-07-15 17:39:16'),
(2499, 152, NULL, '2016-07-06 09:00:00', NULL, 2, 3, 3, 3, '2016-07-15 17:39:16'),
(2500, 152, '2016-07-06 23:41:00', '2016-07-07 09:02:00', NULL, 2, 3, 3, 3, '2016-07-15 17:39:16'),
(2501, 152, '2016-07-07 23:40:00', '2016-07-08 09:31:00', NULL, 2, 3, 3, 3, '2016-07-15 17:39:16'),
(2502, 152, '2016-07-08 23:41:00', '2016-07-09 09:02:00', NULL, 2, 3, 3, 3, '2016-07-15 17:39:16'),
(2503, 152, '2016-07-10 23:45:00', NULL, NULL, 2, 3, 3, 3, '2016-07-15 17:39:16'),
(2504, 153, '2016-07-06 13:10:00', '2016-07-06 13:10:00', NULL, 2, 3, 3, 3, '2016-07-15 17:39:16'),
(2505, 153, '2016-07-06 23:55:00', '2016-07-07 09:02:00', NULL, 2, 3, 3, 3, '2016-07-15 17:39:16'),
(2506, 153, '2016-07-07 23:59:00', '2016-07-08 10:56:00', NULL, 2, 3, 3, 3, '2016-07-15 17:39:16'),
(2507, 153, NULL, '2016-07-09 09:05:00', NULL, 2, 3, 3, 3, '2016-07-15 17:39:16'),
(2508, 153, '2016-07-10 23:58:00', '2016-07-11 01:17:00', NULL, 2, 3, 3, 3, '2016-07-15 17:39:16'),
(2509, 157, '2016-07-05 23:57:00', '2016-07-06 09:03:00', NULL, 2, 3, 3, 3, '2016-07-15 17:39:16'),
(2510, 157, '2016-07-06 09:03:00', NULL, NULL, 2, 3, 3, 3, '2016-07-15 17:39:16'),
(2511, 157, '2016-07-06 23:48:00', '2016-07-07 09:02:00', NULL, 2, 3, 3, 3, '2016-07-15 17:39:16'),
(2512, 157, '2016-07-07 23:57:00', NULL, NULL, 2, 3, 3, 3, '2016-07-15 17:39:16'),
(2513, 157, '2016-07-08 01:50:00', NULL, NULL, 2, 3, 3, 3, '2016-07-15 17:39:16'),
(2514, 157, '2016-07-11 00:08:00', NULL, NULL, 2, 3, 3, 3, '2016-07-15 17:39:16'),
(2515, 160, NULL, '2016-07-06 09:02:00', NULL, 2, 3, 3, 3, '2016-07-15 17:39:16'),
(2516, 160, '2016-07-06 23:54:00', '2016-07-07 09:17:00', NULL, 2, 3, 3, 3, '2016-07-15 17:39:16'),
(2517, 160, '2016-07-07 23:53:00', NULL, NULL, 2, 3, 3, 3, '2016-07-15 17:39:16'),
(2518, 160, '2016-07-07 23:54:00', '2016-07-08 09:07:00', NULL, 2, 3, 3, 3, '2016-07-15 17:39:16'),
(2519, 160, '2016-07-08 23:50:00', '2016-07-09 09:05:00', NULL, 2, 3, 3, 3, '2016-07-15 17:39:16'),
(2520, 160, NULL, '2016-07-09 09:05:00', NULL, 2, 3, 3, 3, '2016-07-15 17:39:16'),
(2521, 160, '2016-07-09 23:53:00', '2016-07-10 07:04:00', NULL, 2, 3, 3, 3, '2016-07-15 17:39:16'),
(2522, 160, '2016-07-10 23:53:00', NULL, NULL, 2, 3, 3, 3, '2016-07-15 17:39:16'),
(2523, 161, NULL, '2016-07-06 13:12:00', NULL, 2, 3, 3, 3, '2016-07-15 17:39:16'),
(2524, 161, '2016-07-06 23:54:00', '2016-07-07 09:05:00', NULL, 2, 3, 3, 3, '2016-07-15 17:39:16'),
(2525, 161, '2016-07-07 23:53:00', '2016-07-08 09:05:00', NULL, 2, 3, 3, 3, '2016-07-15 17:39:16'),
(2526, 161, '2016-07-08 23:50:00', '2016-07-09 09:04:00', NULL, 2, 3, 3, 3, '2016-07-15 17:39:16'),
(2527, 161, '2016-07-10 23:52:00', NULL, NULL, 2, 3, 3, 3, '2016-07-15 17:39:16'),
(2528, 162, NULL, '2016-07-06 10:01:00', NULL, 2, 3, 3, 3, '2016-07-15 17:39:16'),
(2529, 162, '2016-07-06 23:43:00', '2016-07-07 10:04:00', NULL, 2, 3, 3, 3, '2016-07-15 17:39:16'),
(2530, 162, '2016-07-07 23:46:00', '2016-07-08 10:16:00', NULL, 2, 3, 3, 3, '2016-07-15 17:39:16'),
(2531, 162, '2016-07-08 23:48:00', '2016-07-09 10:37:00', NULL, 2, 3, 3, 3, '2016-07-15 17:39:16'),
(2532, 162, '2016-07-10 23:47:00', NULL, NULL, 2, 3, 3, 3, '2016-07-15 17:39:16'),
(2533, 163, NULL, '2016-07-06 09:48:00', NULL, 2, 3, 3, 3, '2016-07-15 17:39:16'),
(2534, 163, '2016-07-06 23:47:00', '2016-07-07 10:14:00', NULL, 2, 3, 3, 3, '2016-07-15 17:39:16'),
(2535, 163, '2016-07-07 10:14:00', NULL, NULL, 2, 3, 3, 3, '2016-07-15 17:39:16'),
(2536, 163, '2016-07-07 23:49:00', '2016-07-08 09:57:00', NULL, 2, 3, 3, 3, '2016-07-15 17:39:16'),
(2537, 163, '2016-07-08 23:52:00', '2016-07-09 10:19:00', NULL, 2, 3, 3, 3, '2016-07-15 17:39:16'),
(2538, 163, '2016-07-09 23:34:00', NULL, NULL, 2, 3, 3, 3, '2016-07-15 17:39:16'),
(2539, 163, '2016-07-10 23:52:00', NULL, NULL, 2, 3, 3, 3, '2016-07-15 17:39:16'),
(2540, 164, NULL, '2016-07-06 11:25:00', NULL, 2, 3, 3, 3, '2016-07-15 17:39:16'),
(2541, 164, '2016-07-07 01:44:00', '2016-07-07 13:31:00', NULL, 2, 3, 3, 3, '2016-07-15 17:39:16'),
(2542, 164, '2016-07-08 01:49:00', '2016-07-08 12:42:00', NULL, 2, 3, 3, 3, '2016-07-15 17:39:16'),
(2543, 164, '2016-07-09 01:45:00', '2016-07-09 13:10:00', NULL, 2, 3, 3, 3, '2016-07-15 17:39:16'),
(2544, 164, '2016-07-11 01:38:00', NULL, NULL, 2, 3, 3, 3, '2016-07-15 17:39:16'),
(2545, 166, '2016-07-06 23:41:00', NULL, NULL, 2, 3, 3, 3, '2016-07-15 17:39:16'),
(2546, 166, '2016-07-07 23:39:00', '2016-07-08 09:08:00', NULL, 2, 3, 3, 3, '2016-07-15 17:39:16'),
(2547, 166, '2016-07-08 23:46:00', NULL, NULL, 2, 3, 3, 3, '2016-07-15 17:39:16'),
(2548, 166, '2016-07-09 06:45:00', '2016-07-09 09:01:00', NULL, 2, 3, 3, 3, '2016-07-15 17:39:16'),
(2549, 166, '2016-07-10 23:46:00', NULL, NULL, 2, 3, 3, 3, '2016-07-15 17:39:16'),
(2550, 166, '2016-07-10 23:57:00', NULL, NULL, 2, 3, 3, 3, '2016-07-15 17:39:16'),
(2551, 167, NULL, '2016-07-06 09:04:00', NULL, 2, 3, 3, 3, '2016-07-15 17:39:16'),
(2552, 167, '2016-07-06 23:55:00', '2016-07-07 09:02:00', NULL, 2, 3, 3, 3, '2016-07-15 17:39:16'),
(2553, 167, '2016-07-07 23:49:00', '2016-07-08 09:04:00', NULL, 2, 3, 3, 3, '2016-07-15 17:39:16'),
(2554, 167, '2016-07-08 23:54:00', '2016-07-09 09:04:00', NULL, 2, 3, 3, 3, '2016-07-15 17:39:16'),
(2555, 167, '2016-07-10 23:52:00', NULL, NULL, 2, 3, 3, 3, '2016-07-15 17:39:16'),
(2556, 168, NULL, '2016-07-06 09:17:00', NULL, 2, 3, 3, 3, '2016-07-15 17:39:16'),
(2557, 168, '2016-07-06 21:08:00', '2016-07-07 09:19:00', NULL, 2, 3, 3, 3, '2016-07-15 17:39:16'),
(2558, 168, '2016-07-07 20:54:00', '2016-07-08 09:06:00', NULL, 2, 3, 3, 3, '2016-07-15 17:39:16'),
(2559, 168, '2016-07-08 21:02:00', '2016-07-09 09:11:00', NULL, 2, 3, 3, 3, '2016-07-15 17:39:16'),
(2560, 168, '2016-07-09 21:07:00', '2016-07-10 09:10:00', NULL, 2, 3, 3, 3, '2016-07-15 17:39:16'),
(2561, 169, '2016-07-06 09:04:00', NULL, NULL, 2, 3, 3, 3, '2016-07-15 17:39:16'),
(2562, 169, '2016-07-06 23:48:00', '2016-07-07 09:02:00', NULL, 2, 3, 3, 3, '2016-07-15 17:39:16'),
(2563, 169, '2016-07-07 23:58:00', '2016-07-08 09:05:00', NULL, 2, 3, 3, 3, '2016-07-15 17:39:16'),
(2564, 169, '2016-07-08 23:47:00', '2016-07-09 09:10:00', NULL, 2, 3, 3, 3, '2016-07-15 17:39:16'),
(2565, 169, '2016-07-10 23:36:00', NULL, NULL, 2, 3, 3, 3, '2016-07-15 17:39:16'),
(2566, 170, NULL, '2016-07-06 10:01:00', NULL, 2, 3, 3, 3, '2016-07-15 17:39:16'),
(2567, 170, '2016-07-06 21:43:00', '2016-07-07 09:55:00', NULL, 2, 3, 3, 3, '2016-07-15 17:39:16'),
(2568, 170, '2016-07-07 21:12:00', '2016-07-08 09:07:00', NULL, 2, 3, 3, 3, '2016-07-15 17:39:16'),
(2569, 170, '2016-07-08 21:14:00', '2016-07-09 09:37:00', NULL, 2, 3, 3, 3, '2016-07-15 17:39:16'),
(2570, 170, '2016-07-09 21:39:00', '2016-07-10 09:02:00', NULL, 2, 3, 3, 3, '2016-07-15 17:39:16'),
(2571, 170, '2016-07-10 22:16:00', NULL, NULL, 2, 3, 3, 3, '2016-07-15 17:39:16'),
(2572, 172, NULL, '2016-07-08 10:47:00', NULL, 2, 3, 3, 3, '2016-07-15 17:39:16'),
(2573, 172, '2016-07-08 22:44:00', '2016-07-09 12:26:00', NULL, 2, 3, 3, 3, '2016-07-15 17:39:16'),
(2574, 172, '2016-07-09 12:26:00', NULL, NULL, 2, 3, 3, 3, '2016-07-15 17:39:16'),
(2575, 172, '2016-07-10 00:50:00', '2016-07-10 07:06:00', NULL, 2, 3, 3, 3, '2016-07-15 17:39:16'),
(2576, 173, NULL, '2016-07-06 09:05:00', NULL, 2, 3, 3, 3, '2016-07-15 17:39:16'),
(2577, 173, '2016-07-06 23:58:00', '2016-07-07 09:11:00', NULL, 2, 3, 3, 3, '2016-07-15 17:39:16'),
(2578, 173, '2016-07-07 23:56:00', '2016-07-08 09:04:00', NULL, 2, 3, 3, 3, '2016-07-15 17:39:16'),
(2579, 173, '2016-07-08 23:58:00', NULL, NULL, 2, 3, 3, 3, '2016-07-15 17:39:16'),
(2580, 173, '2016-07-09 09:07:00', NULL, NULL, 2, 3, 3, 3, '2016-07-15 17:39:16'),
(2581, 173, '2016-07-10 00:24:00', '2016-07-10 05:04:00', NULL, 2, 3, 3, 3, '2016-07-15 17:39:16'),
(2582, 173, '2016-07-10 23:53:00', NULL, NULL, 2, 3, 3, 3, '2016-07-15 17:39:16'),
(2583, 174, NULL, '2016-07-06 10:01:00', NULL, 2, 3, 3, 3, '2016-07-15 17:39:16'),
(2584, 174, '2016-07-07 22:38:00', '2016-07-08 09:52:00', NULL, 2, 3, 3, 3, '2016-07-15 17:39:16'),
(2585, 174, '2016-07-08 22:34:00', '2016-07-09 09:57:00', NULL, 2, 3, 3, 3, '2016-07-15 17:39:16'),
(2586, 174, '2016-07-09 22:33:00', NULL, NULL, 2, 3, 3, 3, '2016-07-15 17:39:16'),
(2587, 174, '2016-07-10 22:33:00', NULL, NULL, 2, 3, 3, 3, '2016-07-15 17:39:16'),
(2588, 175, '2016-07-08 00:24:00', '2016-07-08 09:27:00', NULL, 2, 3, 3, 3, '2016-07-15 17:39:16'),
(2589, 175, '2016-07-08 23:48:00', NULL, NULL, 2, 3, 3, 3, '2016-07-15 17:39:16'),
(2590, 175, '2016-07-09 09:43:00', NULL, NULL, 2, 3, 3, 3, '2016-07-15 17:39:16'),
(2591, 175, '2016-07-09 22:35:00', NULL, NULL, 2, 3, 3, 3, '2016-07-15 17:39:16'),
(2592, 175, '2016-07-10 23:56:00', NULL, NULL, 2, 3, 3, 3, '2016-07-15 17:39:16'),
(2593, 176, NULL, '2016-07-06 09:18:00', NULL, 2, 3, 3, 3, '2016-07-15 17:39:16'),
(2594, 176, '2016-07-07 00:05:00', '2016-07-07 09:07:00', NULL, 2, 3, 3, 3, '2016-07-15 17:39:16'),
(2595, 176, '2016-07-08 00:00:00', '2016-07-08 09:13:00', NULL, 2, 3, 3, 3, '2016-07-15 17:39:16'),
(2596, 176, '2016-07-09 00:07:00', '2016-07-09 09:07:00', NULL, 2, 3, 3, 3, '2016-07-15 17:39:16'),
(2597, 176, '2016-07-10 00:05:00', '2016-07-10 09:24:00', NULL, 2, 3, 3, 3, '2016-07-15 17:39:16'),
(2598, 176, '2016-07-10 23:59:00', NULL, NULL, 2, 3, 3, 3, '2016-07-15 17:39:16'),
(2599, 177, NULL, '2016-07-06 09:05:00', NULL, 2, 3, 3, 3, '2016-07-15 17:39:16'),
(2600, 177, NULL, '2016-07-06 09:05:00', NULL, 2, 3, 3, 3, '2016-07-15 17:39:16'),
(2601, 177, NULL, '2016-07-06 09:05:00', NULL, 2, 3, 3, 3, '2016-07-15 17:39:16'),
(2602, 177, '2016-07-07 00:11:00', NULL, NULL, 2, 3, 3, 3, '2016-07-15 17:39:16'),
(2603, 177, '2016-07-07 00:11:00', '2016-07-07 09:47:00', NULL, 2, 3, 3, 3, '2016-07-15 17:39:16'),
(2604, 177, '2016-07-07 09:47:00', NULL, NULL, 2, 3, 3, 3, '2016-07-15 17:39:16'),
(2605, 177, '2016-07-07 23:47:00', NULL, NULL, 2, 3, 3, 3, '2016-07-15 17:39:16'),
(2606, 177, '2016-07-08 09:44:00', NULL, NULL, 2, 3, 3, 3, '2016-07-15 17:39:16'),
(2607, 177, '2016-07-08 21:28:00', '2016-07-09 09:05:00', NULL, 2, 3, 3, 3, '2016-07-15 17:39:16'),
(2608, 177, NULL, '2016-07-09 09:05:00', NULL, 2, 3, 3, 3, '2016-07-15 17:39:16'),
(2609, 177, NULL, '2016-07-09 09:05:00', NULL, 2, 3, 3, 3, '2016-07-15 17:39:16'),
(2610, 177, '2016-07-11 00:00:00', NULL, NULL, 2, 3, 3, 3, '2016-07-15 17:39:16'),
(2611, 178, NULL, '2016-07-06 09:00:00', NULL, 2, 3, 3, 3, '2016-07-15 17:39:16'),
(2612, 178, '2016-07-06 23:55:00', '2016-07-07 09:19:00', NULL, 2, 3, 3, 3, '2016-07-15 17:39:16'),
(2613, 178, '2016-07-08 00:15:00', '2016-07-08 09:08:00', NULL, 2, 3, 3, 3, '2016-07-15 17:39:16'),
(2614, 178, '2016-07-09 00:14:00', '2016-07-09 09:00:00', NULL, 2, 3, 3, 3, '2016-07-15 17:39:16'),
(2615, 178, '2016-07-11 00:00:00', NULL, NULL, 2, 3, 3, 3, '2016-07-15 17:39:16'),
(2616, 180, NULL, '2016-07-06 09:09:00', NULL, 2, 3, 3, 3, '2016-07-15 17:39:16'),
(2617, 180, '2016-07-06 21:12:00', '2016-07-07 09:15:00', NULL, 2, 3, 3, 3, '2016-07-15 17:39:16'),
(2618, 180, '2016-07-08 20:59:00', '2016-07-09 09:10:00', NULL, 2, 3, 3, 3, '2016-07-15 17:39:16'),
(2619, 180, '2016-07-09 21:14:00', '2016-07-10 09:11:00', NULL, 2, 3, 3, 3, '2016-07-15 17:39:16'),
(2620, 184, NULL, '2016-07-06 09:15:00', NULL, 2, 3, 3, 3, '2016-07-15 17:39:16'),
(2621, 184, '2016-07-06 22:57:00', '2016-07-07 09:23:00', NULL, 2, 3, 3, 3, '2016-07-15 17:39:16'),
(2622, 184, '2016-07-07 22:19:00', '2016-07-08 09:04:00', NULL, 2, 3, 3, 3, '2016-07-15 17:39:16'),
(2623, 184, '2016-07-08 23:03:00', '2016-07-09 09:10:00', NULL, 2, 3, 3, 3, '2016-07-15 17:39:16'),
(2624, 184, '2016-07-10 22:59:00', NULL, NULL, 2, 3, 3, 3, '2016-07-15 17:39:16'),
(2625, 185, NULL, '2016-07-09 09:00:00', NULL, 2, 3, 3, 3, '2016-07-15 17:39:16'),
(2626, 186, NULL, '2016-07-06 09:07:00', NULL, 2, 3, 3, 3, '2016-07-15 17:39:16'),
(2627, 186, '2016-07-06 23:55:00', '2016-07-07 09:15:00', NULL, 2, 3, 3, 3, '2016-07-15 17:39:16'),
(2628, 186, '2016-07-07 23:59:00', '2016-07-08 09:05:00', NULL, 2, 3, 3, 3, '2016-07-15 17:39:16'),
(2629, 186, '2016-07-08 23:54:00', '2016-07-09 09:04:00', NULL, 2, 3, 3, 3, '2016-07-15 17:39:16'),
(2630, 186, '2016-07-10 23:53:00', NULL, NULL, 2, 3, 3, 3, '2016-07-15 17:39:16'),
(2631, 189, NULL, '2016-07-06 09:15:00', NULL, 2, 3, 3, 3, '2016-07-15 17:39:16'),
(2632, 189, '2016-07-06 23:58:00', '2016-07-07 09:25:00', NULL, 2, 3, 3, 3, '2016-07-15 17:39:16'),
(2633, 189, '2016-07-07 23:51:00', '2016-07-08 09:36:00', NULL, 2, 3, 3, 3, '2016-07-15 17:39:16'),
(2634, 189, '2016-07-08 23:59:00', '2016-07-09 09:19:00', NULL, 2, 3, 3, 3, '2016-07-15 17:39:16'),
(2635, 189, '2016-07-10 23:57:00', NULL, NULL, 2, 3, 3, 3, '2016-07-15 17:39:16'),
(2636, 191, '2016-07-06 09:33:00', NULL, NULL, 2, 3, 3, 3, '2016-07-15 17:39:16'),
(2637, 191, '2016-07-06 23:37:00', '2016-07-07 09:24:00', NULL, 2, 3, 3, 3, '2016-07-15 17:39:16'),
(2638, 191, '2016-07-07 23:41:00', NULL, NULL, 2, 3, 3, 3, '2016-07-15 17:39:16'),
(2639, 191, '2016-07-08 09:29:00', NULL, NULL, 2, 3, 3, 3, '2016-07-15 17:39:16'),
(2640, 191, '2016-07-08 23:36:00', '2016-07-09 09:28:00', NULL, 2, 3, 3, 3, '2016-07-15 17:39:16'),
(2641, 191, '2016-07-10 23:39:00', NULL, NULL, 2, 3, 3, 3, '2016-07-15 17:39:16'),
(2642, 271, '2016-07-08 09:22:00', NULL, NULL, 2, 3, 3, 3, '2016-07-15 17:39:16'),
(2643, 271, '2016-07-09 00:07:00', NULL, NULL, 2, 3, 3, 3, '2016-07-15 17:39:16'),
(2644, 193, NULL, '2016-07-05 09:47:00', NULL, 2, 3, 3, 3, '2016-07-15 17:39:16'),
(2645, 193, '2016-07-06 00:18:00', '2016-07-06 10:09:00', NULL, 2, 3, 3, 3, '2016-07-15 17:39:16'),
(2646, 193, NULL, '2016-07-07 12:12:00', NULL, 2, 3, 3, 3, '2016-07-15 17:39:16'),
(2647, 193, '2016-07-07 23:53:00', '2016-07-08 10:43:00', NULL, 2, 3, 3, 3, '2016-07-15 17:39:16'),
(2648, 193, '2016-07-09 00:27:00', '2016-07-09 11:32:00', NULL, 2, 3, 3, 3, '2016-07-15 17:39:16'),
(2649, 193, '2016-07-10 00:38:00', '2016-07-10 05:07:00', NULL, 2, 3, 3, 3, '2016-07-15 17:39:16'),
(2650, 193, '2016-07-11 00:28:00', NULL, NULL, 2, 3, 3, 3, '2016-07-15 17:39:16'),
(2651, 194, '2016-07-06 23:33:00', '2016-07-07 09:09:00', NULL, 2, 3, 3, 3, '2016-07-15 17:39:16'),
(2652, 194, NULL, '2016-07-07 09:09:00', NULL, 2, 3, 3, 3, '2016-07-15 17:39:16'),
(2653, 194, '2016-07-07 22:37:00', '2016-07-08 12:13:00', NULL, 2, 3, 3, 3, '2016-07-15 17:39:16'),
(2654, 194, '2016-07-08 23:24:00', '2016-07-09 09:12:00', NULL, 2, 3, 3, 3, '2016-07-15 17:39:16'),
(2655, 194, '2016-07-10 22:44:00', NULL, NULL, 2, 3, 3, 3, '2016-07-15 17:39:16'),
(2656, 195, '2016-07-06 23:04:00', '2016-07-07 09:04:00', NULL, 2, 3, 3, 3, '2016-07-15 17:39:16'),
(2657, 195, '2016-07-07 09:04:00', NULL, NULL, 2, 3, 3, 3, '2016-07-15 17:39:16'),
(2658, 195, '2016-07-07 23:22:00', '2016-07-08 09:06:00', NULL, 2, 3, 3, 3, '2016-07-15 17:39:16'),
(2659, 195, '2016-07-08 23:21:00', '2016-07-09 09:04:00', NULL, 2, 3, 3, 3, '2016-07-15 17:39:16'),
(2660, 195, '2016-07-10 23:22:00', NULL, NULL, 2, 3, 3, 3, '2016-07-15 17:39:16'),
(2661, 197, NULL, '2016-07-06 09:04:00', NULL, 2, 3, 3, 3, '2016-07-15 17:39:16'),
(2662, 197, NULL, '2016-07-07 09:04:00', NULL, 2, 3, 3, 3, '2016-07-15 17:39:16'),
(2663, 197, '2016-07-08 09:09:00', NULL, NULL, 2, 3, 3, 3, '2016-07-15 17:39:16'),
(2664, 197, '2016-07-08 23:03:00', NULL, NULL, 2, 3, 3, 3, '2016-07-15 17:39:16'),
(2665, 197, '2016-07-09 11:04:00', NULL, NULL, 2, 3, 3, 3, '2016-07-15 17:39:16'),
(2666, 197, '2016-07-10 22:56:00', NULL, NULL, 2, 3, 3, 3, '2016-07-15 17:39:16'),
(2667, 198, '2016-07-05 23:30:00', '2016-07-06 09:09:00', NULL, 2, 3, 3, 3, '2016-07-15 17:39:16'),
(2668, 198, '2016-07-06 23:44:00', NULL, NULL, 2, 3, 3, 3, '2016-07-15 17:39:16'),
(2669, 198, '2016-07-07 09:21:00', NULL, NULL, 2, 3, 3, 3, '2016-07-15 17:39:16'),
(2670, 198, '2016-07-07 23:39:00', NULL, NULL, 2, 3, 3, 3, '2016-07-15 17:39:16'),
(2671, 198, '2016-07-08 09:14:00', NULL, NULL, 2, 3, 3, 3, '2016-07-15 17:39:16'),
(2672, 198, '2016-07-08 23:34:00', NULL, NULL, 2, 3, 3, 3, '2016-07-15 17:39:16'),
(2673, 198, '2016-07-09 09:11:00', NULL, NULL, 2, 3, 3, 3, '2016-07-15 17:39:16'),
(2674, 198, '2016-07-10 23:36:00', NULL, NULL, 2, 3, 3, 3, '2016-07-15 17:39:16'),
(2675, 201, '2016-07-06 09:12:00', '2016-07-06 09:12:00', NULL, 2, 3, 3, 3, '2016-07-15 17:39:16'),
(2676, 201, '2016-07-07 00:06:00', '2016-07-07 09:39:00', NULL, 2, 3, 3, 3, '2016-07-15 17:39:16'),
(2677, 201, '2016-07-08 00:01:00', NULL, NULL, 2, 3, 3, 3, '2016-07-15 17:39:16'),
(2678, 201, '2016-07-08 23:59:00', NULL, NULL, 2, 3, 3, 3, '2016-07-15 17:39:16'),
(2679, 201, '2016-07-08 23:59:00', '2016-07-09 09:33:00', NULL, 2, 3, 3, 3, '2016-07-15 17:39:16'),
(2680, 201, '2016-07-11 00:02:00', NULL, NULL, 2, 3, 3, 3, '2016-07-15 17:39:16'),
(2681, 202, NULL, '2016-07-05 10:32:00', NULL, 2, 3, 3, 3, '2016-07-15 17:39:16'),
(2682, 202, '2016-07-05 23:57:00', NULL, NULL, 2, 3, 3, 3, '2016-07-15 17:39:16'),
(2683, 202, '2016-07-05 23:57:00', '2016-07-06 09:21:00', NULL, 2, 3, 3, 3, '2016-07-15 17:39:16'),
(2684, 202, NULL, '2016-07-07 11:31:00', NULL, 2, 3, 3, 3, '2016-07-15 17:39:16'),
(2685, 202, '2016-07-07 23:55:00', '2016-07-08 11:42:00', NULL, 2, 3, 3, 3, '2016-07-15 17:39:16'),
(2686, 202, '2016-07-08 23:47:00', '2016-07-09 10:01:00', NULL, 2, 3, 3, 3, '2016-07-15 17:39:16'),
(2687, 202, NULL, '2016-07-10 23:45:00', NULL, 2, 3, 3, 3, '2016-07-15 17:39:16'),
(2688, 203, '2016-07-06 09:11:00', NULL, NULL, 2, 3, 3, 3, '2016-07-15 17:39:16'),
(2689, 203, '2016-07-06 23:23:00', NULL, NULL, 2, 3, 3, 3, '2016-07-15 17:39:16'),
(2690, 203, '2016-07-06 23:23:00', NULL, NULL, 2, 3, 3, 3, '2016-07-15 17:39:16'),
(2691, 203, '2016-07-07 13:11:00', NULL, NULL, 2, 3, 3, 3, '2016-07-15 17:39:16'),
(2692, 203, '2016-07-07 23:24:00', NULL, NULL, 2, 3, 3, 3, '2016-07-15 17:39:16'),
(2693, 203, '2016-07-08 11:48:00', NULL, NULL, 2, 3, 3, 3, '2016-07-15 17:39:16'),
(2694, 203, '2016-07-08 23:08:00', NULL, NULL, 2, 3, 3, 3, '2016-07-15 17:39:16'),
(2695, 203, '2016-07-09 09:26:00', NULL, NULL, 2, 3, 3, 3, '2016-07-15 17:39:16'),
(2696, 203, '2016-07-09 23:31:00', '2016-07-10 11:28:00', NULL, 2, 3, 3, 3, '2016-07-15 17:39:16'),
(2697, 203, '2016-07-10 23:21:00', NULL, NULL, 2, 3, 3, 3, '2016-07-15 17:39:16'),
(2698, 204, NULL, '2016-07-04 09:38:00', NULL, 2, 3, 3, 3, '2016-07-15 17:39:16'),
(2699, 204, NULL, '2016-07-05 09:30:00', NULL, 2, 3, 3, 3, '2016-07-15 17:39:16'),
(2700, 204, '2016-07-05 23:53:00', '2016-07-06 09:05:00', NULL, 2, 3, 3, 3, '2016-07-15 17:39:16'),
(2701, 204, '2016-07-07 00:00:00', NULL, NULL, 2, 3, 3, 3, '2016-07-15 17:39:16'),
(2702, 204, '2016-07-08 00:04:00', '2016-07-08 09:52:00', NULL, 2, 3, 3, 3, '2016-07-15 17:39:16'),
(2703, 204, '2016-07-08 23:58:00', '2016-07-09 10:35:00', NULL, 2, 3, 3, 3, '2016-07-15 17:39:16'),
(2704, 204, '2016-07-10 23:56:00', NULL, NULL, 2, 3, 3, 3, '2016-07-15 17:39:16'),
(2705, 207, NULL, '2016-07-06 10:00:00', NULL, 2, 3, 3, 3, '2016-07-15 17:39:16'),
(2706, 207, '2016-07-06 21:56:00', '2016-07-07 11:03:00', NULL, 2, 3, 3, 3, '2016-07-15 17:39:16'),
(2707, 207, '2016-07-08 00:01:00', '2016-07-08 10:47:00', NULL, 2, 3, 3, 3, '2016-07-15 17:39:16'),
(2708, 207, '2016-07-08 23:49:00', '2016-07-09 12:22:00', NULL, 2, 3, 3, 3, '2016-07-15 17:39:16'),
(2709, 207, '2016-07-10 00:10:00', '2016-07-10 07:04:00', NULL, 2, 3, 3, 3, '2016-07-15 17:39:16'),
(2710, 208, NULL, '2016-07-06 09:10:00', NULL, 2, 3, 3, 3, '2016-07-15 17:39:16'),
(2711, 208, '2016-07-06 23:40:00', '2016-07-07 09:06:00', NULL, 2, 3, 3, 3, '2016-07-15 17:39:16'),
(2712, 208, '2016-07-07 23:42:00', '2016-07-08 09:08:00', NULL, 2, 3, 3, 3, '2016-07-15 17:39:16'),
(2713, 208, '2016-07-08 22:20:00', '2016-07-09 09:19:00', NULL, 2, 3, 3, 3, '2016-07-15 17:39:16'),
(2714, 208, '2016-07-10 23:52:00', NULL, NULL, 2, 3, 3, 3, '2016-07-15 17:39:16'),
(2715, 209, '2016-07-06 23:44:00', '2016-07-07 11:04:00', NULL, 2, 3, 3, 3, '2016-07-15 17:39:16'),
(2716, 209, '2016-07-07 23:41:00', '2016-07-08 10:43:00', NULL, 2, 3, 3, 3, '2016-07-15 17:39:16'),
(2717, 209, '2016-07-08 10:45:00', '2016-07-08 10:46:00', NULL, 2, 3, 3, 3, '2016-07-15 17:39:16'),
(2718, 209, '2016-07-08 22:48:00', '2016-07-09 09:25:00', NULL, 2, 3, 3, 3, '2016-07-15 17:39:16'),
(2719, 209, '2016-07-09 23:27:00', NULL, NULL, 2, 3, 3, 3, '2016-07-15 17:39:16'),
(2720, 210, '2016-07-06 23:51:00', '2016-07-07 09:25:00', NULL, 2, 3, 3, 3, '2016-07-15 17:39:16'),
(2721, 210, '2016-07-07 23:56:00', NULL, NULL, 2, 3, 3, 3, '2016-07-15 17:39:16'),
(2722, 210, '2016-07-07 23:56:00', NULL, NULL, 2, 3, 3, 3, '2016-07-15 17:39:16'),
(2723, 210, '2016-07-08 10:01:00', NULL, NULL, 2, 3, 3, 3, '2016-07-15 17:39:16'),
(2724, 210, '2016-07-09 00:04:00', NULL, NULL, 2, 3, 3, 3, '2016-07-15 17:39:16'),
(2725, 210, '2016-07-09 09:03:00', NULL, NULL, 2, 3, 3, 3, '2016-07-15 17:39:16'),
(2726, 210, '2016-07-11 00:08:00', NULL, NULL, 2, 3, 3, 3, '2016-07-15 17:39:16'),
(2727, 211, NULL, '2016-07-06 09:15:00', NULL, 2, 3, 3, 3, '2016-07-15 17:39:16'),
(2728, 211, '2016-07-06 21:00:00', '2016-07-07 09:35:00', NULL, 2, 3, 3, 3, '2016-07-15 17:39:16'),
(2729, 211, '2016-07-07 20:50:00', '2016-07-08 09:40:00', NULL, 2, 3, 3, 3, '2016-07-15 17:39:16'),
(2730, 211, '2016-07-08 21:09:00', '2016-07-09 09:13:00', NULL, 2, 3, 3, 3, '2016-07-15 17:39:16'),
(2731, 213, NULL, '2016-07-06 09:38:00', NULL, 2, 3, 3, 3, '2016-07-15 17:39:16'),
(2732, 213, '2016-07-06 23:41:00', '2016-07-07 09:40:00', NULL, 2, 3, 3, 3, '2016-07-15 17:39:16'),
(2733, 213, '2016-07-07 23:40:00', '2016-07-08 12:40:00', NULL, 2, 3, 3, 3, '2016-07-15 17:39:16'),
(2734, 213, '2016-07-08 23:44:00', '2016-07-09 10:39:00', NULL, 2, 3, 3, 3, '2016-07-15 17:39:16'),
(2735, 213, '2016-07-10 23:48:00', NULL, NULL, 2, 3, 3, 3, '2016-07-15 17:39:16'),
(2736, 215, NULL, '2016-07-06 09:03:00', NULL, 2, 3, 3, 3, '2016-07-15 17:39:16'),
(2737, 215, '2016-07-06 23:04:00', '2016-07-07 09:04:00', NULL, 2, 3, 3, 3, '2016-07-15 17:39:16'),
(2738, 215, '2016-07-07 23:22:00', '2016-07-08 09:05:00', NULL, 2, 3, 3, 3, '2016-07-15 17:39:16'),
(2739, 215, '2016-07-08 21:29:00', '2016-07-09 09:04:00', NULL, 2, 3, 3, 3, '2016-07-15 17:39:16'),
(2740, 215, '2016-07-10 23:22:00', NULL, NULL, 2, 3, 3, 3, '2016-07-15 17:39:16'),
(2741, 217, '2016-07-06 09:04:00', NULL, NULL, 2, 3, 3, 3, '2016-07-15 17:39:16'),
(2742, 217, '2016-07-06 23:18:00', '2016-07-07 09:03:00', NULL, 2, 3, 3, 3, '2016-07-15 17:39:16'),
(2743, 217, '2016-07-07 23:32:00', '2016-07-08 09:09:00', NULL, 2, 3, 3, 3, '2016-07-15 17:39:16'),
(2744, 217, '2016-07-08 22:58:00', '2016-07-09 09:05:00', NULL, 2, 3, 3, 3, '2016-07-15 17:39:16'),
(2745, 217, NULL, '2016-07-09 09:05:00', NULL, 2, 3, 3, 3, '2016-07-15 17:39:16'),
(2746, 217, NULL, '2016-07-09 09:05:00', NULL, 2, 3, 3, 3, '2016-07-15 17:39:16'),
(2747, 217, '2016-07-10 23:26:00', NULL, NULL, 2, 3, 3, 3, '2016-07-15 17:39:16'),
(2748, 220, '2016-07-10 22:01:00', NULL, NULL, 2, 3, 3, 3, '2016-07-15 17:39:16'),
(2749, 268, NULL, '2016-07-07 04:05:00', NULL, 3, 3, 3, 3, '2016-07-15 17:39:16'),
(2750, 268, NULL, '2016-07-07 04:06:00', NULL, 3, 3, 3, 3, '2016-07-15 17:39:16'),
(2751, 268, '2016-07-07 04:46:00', '2016-07-07 11:16:00', NULL, 3, 3, 3, 3, '2016-07-15 17:39:16'),
(2752, 268, '2016-07-08 00:05:00', '2016-07-08 04:02:00', NULL, 3, 3, 3, 3, '2016-07-15 17:39:16'),
(2753, 268, NULL, '2016-07-08 04:02:00', NULL, 3, 3, 3, 3, '2016-07-15 17:39:16'),
(2754, 268, NULL, '2016-07-08 04:02:00', NULL, 3, 3, 3, 3, '2016-07-15 17:39:16'),
(2755, 268, '2016-07-08 23:27:00', '2016-07-09 04:05:00', NULL, 3, 3, 3, 3, '2016-07-15 17:39:16'),
(2756, 268, '2016-07-09 04:45:00', '2016-07-09 09:24:00', NULL, 3, 3, 3, 3, '2016-07-15 17:39:16'),
(2757, 268, '2016-07-10 23:20:00', '2016-07-11 04:06:00', NULL, 3, 3, 3, 3, '2016-07-15 17:39:16'),
(2758, 268, '2016-07-11 04:50:00', NULL, NULL, 3, 3, 3, 3, '2016-07-15 17:39:16'),
(2759, 221, '2016-07-06 10:02:00', '2016-07-06 10:03:00', NULL, 2, 3, 3, 3, '2016-07-15 17:39:16'),
(2760, 221, '2016-07-07 23:03:00', '2016-07-08 10:14:00', NULL, 2, 3, 3, 3, '2016-07-15 17:39:16'),
(2761, 221, NULL, '2016-07-08 10:39:00', NULL, 2, 3, 3, 3, '2016-07-15 17:39:16'),
(2762, 221, NULL, '2016-07-08 10:40:00', NULL, 2, 3, 3, 3, '2016-07-15 17:39:16'),
(2763, 221, '2016-07-08 22:19:00', '2016-07-09 09:01:00', NULL, 2, 3, 3, 3, '2016-07-15 17:39:16'),
(2764, 221, '2016-07-09 22:54:00', NULL, NULL, 2, 3, 3, 3, '2016-07-15 17:39:16'),
(2765, 221, '2016-07-10 23:09:00', NULL, NULL, 2, 3, 3, 3, '2016-07-15 17:39:16'),
(2766, 222, NULL, '2016-07-06 10:13:00', NULL, 2, 3, 3, 3, '2016-07-15 17:39:16'),
(2767, 222, '2016-07-06 23:44:00', '2016-07-07 10:34:00', NULL, 2, 3, 3, 3, '2016-07-15 17:39:16'),
(2768, 222, '2016-07-07 23:36:00', '2016-07-08 10:31:00', NULL, 2, 3, 3, 3, '2016-07-15 17:39:16'),
(2769, 222, '2016-07-09 23:47:00', NULL, NULL, 2, 3, 3, 3, '2016-07-15 17:39:16'),
(2770, 222, '2016-07-10 23:38:00', NULL, NULL, 2, 3, 3, 3, '2016-07-15 17:39:16'),
(2771, 223, NULL, '2016-07-04 03:58:00', NULL, 2, 3, 3, 3, '2016-07-15 17:39:16'),
(2772, 223, '2016-07-04 04:22:00', NULL, NULL, 2, 3, 3, 3, '2016-07-15 17:39:16'),
(2773, 223, '2016-07-05 04:21:00', '2016-07-05 10:25:00', NULL, 2, 3, 3, 3, '2016-07-15 17:39:16'),
(2774, 223, '2016-07-05 23:49:00', '2016-07-06 12:45:00', NULL, 2, 3, 3, 3, '2016-07-15 17:39:16'),
(2775, 223, '2016-07-06 23:28:00', '2016-07-07 10:04:00', NULL, 2, 3, 3, 3, '2016-07-15 17:39:16'),
(2776, 223, '2016-07-07 23:49:00', '2016-07-08 11:06:00', NULL, 2, 3, 3, 3, '2016-07-15 17:39:16'),
(2777, 223, '2016-07-09 00:00:00', '2016-07-09 04:12:00', NULL, 2, 3, 3, 3, '2016-07-15 17:39:16'),
(2778, 223, NULL, '2016-07-09 10:35:00', NULL, 2, 3, 3, 3, '2016-07-15 17:39:16'),
(2779, 223, '2016-07-10 23:43:00', NULL, NULL, 2, 3, 3, 3, '2016-07-15 17:39:16'),
(2780, 223, '2016-07-11 04:04:00', NULL, NULL, 2, 3, 3, 3, '2016-07-15 17:39:16'),
(2781, 224, '2016-07-07 09:04:00', NULL, NULL, 2, 3, 3, 3, '2016-07-15 17:39:16'),
(2782, 224, '2016-07-07 23:58:00', '2016-07-08 09:08:00', NULL, 2, 3, 3, 3, '2016-07-15 17:39:16'),
(2783, 225, '2016-07-05 09:47:00', '2016-07-05 09:47:00', NULL, 2, 3, 3, 3, '2016-07-15 17:39:16'),
(2784, 225, NULL, '2016-07-06 10:03:00', NULL, 2, 3, 3, 3, '2016-07-15 17:39:16'),
(2785, 225, '2016-07-06 22:57:00', '2016-07-07 12:12:00', NULL, 2, 3, 3, 3, '2016-07-15 17:39:16'),
(2786, 225, '2016-07-07 23:19:00', '2016-07-08 10:32:00', NULL, 2, 3, 3, 3, '2016-07-15 17:39:16'),
(2787, 225, '2016-07-08 23:06:00', '2016-07-08 23:52:00', NULL, 2, 3, 3, 3, '2016-07-15 17:39:16'),
(2788, 225, '2016-07-10 05:15:00', '2016-07-10 08:54:00', NULL, 2, 3, 3, 3, '2016-07-15 17:39:16'),
(2789, 227, '2016-07-04 10:13:00', NULL, NULL, 2, 3, 3, 3, '2016-07-15 17:39:16'),
(2790, 227, '2016-07-05 23:22:00', NULL, NULL, 2, 3, 3, 3, '2016-07-15 17:39:16'),
(2791, 227, '2016-07-06 09:20:00', '2016-07-06 09:21:00', NULL, 2, 3, 3, 3, '2016-07-15 17:39:16'),
(2792, 227, '2016-07-06 23:42:00', '2016-07-07 10:01:00', NULL, 2, 3, 3, 3, '2016-07-15 17:39:16'),
(2793, 227, '2016-07-07 23:00:00', '2016-07-08 11:02:00', NULL, 2, 3, 3, 3, '2016-07-15 17:39:16'),
(2794, 227, '2016-07-08 22:43:00', '2016-07-09 09:42:00', NULL, 2, 3, 3, 3, '2016-07-15 17:39:16'),
(2795, 227, '2016-07-10 23:31:00', NULL, NULL, 2, 3, 3, 3, '2016-07-15 17:39:16'),
(2796, 228, '2016-07-04 10:09:00', NULL, NULL, 2, 3, 3, 3, '2016-07-15 17:39:16'),
(2797, 228, '2016-07-05 09:01:00', NULL, NULL, 2, 3, 3, 3, '2016-07-15 17:39:16'),
(2798, 228, '2016-07-05 23:16:00', '2016-07-06 09:20:00', NULL, 2, 3, 3, 3, '2016-07-15 17:39:16'),
(2799, 228, '2016-07-06 09:20:00', NULL, NULL, 2, 3, 3, 3, '2016-07-15 17:39:16'),
(2800, 228, '2016-07-06 23:37:00', '2016-07-07 09:53:00', NULL, 2, 3, 3, 3, '2016-07-15 17:39:16'),
(2801, 228, '2016-07-07 09:53:00', NULL, NULL, 2, 3, 3, 3, '2016-07-15 17:39:16'),
(2802, 228, '2016-07-07 23:21:00', NULL, NULL, 2, 3, 3, 3, '2016-07-15 17:39:16'),
(2803, 228, '2016-07-08 11:02:00', '2016-07-08 11:03:00', NULL, 2, 3, 3, 3, '2016-07-15 17:39:16'),
(2804, 228, '2016-07-08 23:17:00', NULL, NULL, 2, 3, 3, 3, '2016-07-15 17:39:16'),
(2805, 228, '2016-07-08 23:17:00', '2016-07-09 09:42:00', NULL, 2, 3, 3, 3, '2016-07-15 17:39:16'),
(2806, 228, '2016-07-10 22:58:00', NULL, NULL, 2, 3, 3, 3, '2016-07-15 17:39:16'),
(2807, 229, '2016-07-06 23:56:00', NULL, NULL, 2, 3, 3, 3, '2016-07-15 17:39:16'),
(2808, 229, '2016-07-07 11:02:00', '2016-07-07 11:03:00', NULL, 2, 3, 3, 3, '2016-07-15 17:39:16'),
(2809, 229, '2016-07-07 23:49:00', '2016-07-08 12:13:00', NULL, 2, 3, 3, 3, '2016-07-15 17:39:16'),
(2810, 229, '2016-07-09 00:11:00', '2016-07-09 13:24:00', NULL, 2, 3, 3, 3, '2016-07-15 17:39:16'),
(2811, 229, '2016-07-10 23:51:00', NULL, NULL, 2, 3, 3, 3, '2016-07-15 17:39:16'),
(2812, 230, '2016-07-01 05:55:00', NULL, NULL, 2, 3, 3, 3, '2016-07-15 17:39:16'),
(2813, 230, '2016-07-01 05:55:00', NULL, NULL, 2, 3, 3, 3, '2016-07-15 17:39:16'),
(2814, 230, NULL, '2016-07-06 09:01:00', NULL, 2, 3, 3, 3, '2016-07-15 17:39:16'),
(2815, 230, '2016-07-07 00:09:00', '2016-07-07 09:10:00', NULL, 2, 3, 3, 3, '2016-07-15 17:39:16'),
(2816, 230, '2016-07-07 23:54:00', NULL, NULL, 2, 3, 3, 3, '2016-07-15 17:39:16'),
(2817, 230, '2016-07-08 09:14:00', '2016-07-08 09:21:00', NULL, 2, 3, 3, 3, '2016-07-15 17:39:16'),
(2818, 230, NULL, '2016-07-08 09:21:00', NULL, 2, 3, 3, 3, '2016-07-15 17:39:16'),
(2819, 230, '2016-07-08 23:43:00', NULL, NULL, 2, 3, 3, 3, '2016-07-15 17:39:16'),
(2820, 230, '2016-07-09 09:11:00', NULL, NULL, 2, 3, 3, 3, '2016-07-15 17:39:16'),
(2821, 230, '2016-07-11 00:02:00', NULL, NULL, 2, 3, 3, 3, '2016-07-15 17:39:16'),
(2822, 232, '2016-07-01 05:19:00', '2016-07-01 05:19:00', NULL, 2, 3, 3, 3, '2016-07-15 17:39:16'),
(2823, 232, '2016-07-01 05:25:00', '2016-07-01 05:29:00', NULL, 2, 3, 3, 3, '2016-07-15 17:39:16'),
(2824, 232, '2016-07-01 05:29:00', NULL, NULL, 2, 3, 3, 3, '2016-07-15 17:39:16'),
(2825, 232, NULL, '2016-07-06 09:01:00', NULL, 2, 3, 3, 3, '2016-07-15 17:39:16'),
(2826, 232, '2016-07-07 00:02:00', '2016-07-07 09:12:00', NULL, 2, 3, 3, 3, '2016-07-15 17:39:16'),
(2827, 232, '2016-07-08 23:59:00', NULL, NULL, 2, 3, 3, 3, '2016-07-15 17:39:16'),
(2828, 232, '2016-07-09 07:44:00', '2016-07-09 09:40:00', NULL, 2, 3, 3, 3, '2016-07-15 17:39:16'),
(2829, 232, '2016-07-10 23:52:00', NULL, NULL, 2, 3, 3, 3, '2016-07-15 17:39:16'),
(2830, 233, '2016-07-05 10:34:00', '2016-07-05 10:34:00', NULL, 2, 3, 3, 3, '2016-07-15 17:39:16'),
(2831, 233, '2016-07-05 23:50:00', '2016-07-06 09:02:00', NULL, 2, 3, 3, 3, '2016-07-15 17:39:16'),
(2832, 233, NULL, '2016-07-06 09:02:00', NULL, 2, 3, 3, 3, '2016-07-15 17:39:16'),
(2833, 233, '2016-07-07 00:04:00', NULL, NULL, 2, 3, 3, 3, '2016-07-15 17:39:16'),
(2834, 233, '2016-07-07 00:04:00', '2016-07-07 11:35:00', NULL, 2, 3, 3, 3, '2016-07-15 17:39:16'),
(2835, 233, '2016-07-07 11:35:00', NULL, NULL, 2, 3, 3, 3, '2016-07-15 17:39:16'),
(2836, 233, '2016-07-08 00:03:00', '2016-07-08 11:42:00', NULL, 2, 3, 3, 3, '2016-07-15 17:39:16'),
(2837, 233, '2016-07-09 00:12:00', '2016-07-09 10:00:00', NULL, 2, 3, 3, 3, '2016-07-15 17:39:16'),
(2838, 235, '2016-07-05 12:13:00', '2016-07-05 12:13:00', NULL, 2, 3, 3, 3, '2016-07-15 17:39:16'),
(2839, 235, '2016-07-05 23:46:00', '2016-07-06 10:08:00', NULL, 2, 3, 3, 3, '2016-07-15 17:39:16'),
(2840, 235, '2016-07-06 23:39:00', '2016-07-07 10:13:00', NULL, 2, 3, 3, 3, '2016-07-15 17:39:16');
INSERT INTO `employee_attendance` (`id`, `employee_id`, `datetime_in`, `datetime_out`, `request_id`, `upload_batch`, `created_by`, `last_updated_by`, `last_approved_by`, `date_created`) VALUES
(2841, 235, '2016-07-07 23:11:00', '2016-07-08 10:02:00', NULL, 2, 3, 3, 3, '2016-07-15 17:39:16'),
(2842, 235, '2016-07-08 10:02:00', NULL, NULL, 2, 3, 3, 3, '2016-07-15 17:39:16'),
(2843, 235, '2016-07-09 23:00:00', NULL, NULL, 2, 3, 3, 3, '2016-07-15 17:39:16'),
(2844, 235, '2016-07-10 23:38:00', NULL, NULL, 2, 3, 3, 3, '2016-07-15 17:39:16'),
(2845, 236, '2016-07-05 03:55:00', '2016-07-05 03:55:00', NULL, 2, 3, 3, 3, '2016-07-15 17:39:16'),
(2846, 236, '2016-07-05 23:44:00', '2016-07-06 13:12:00', NULL, 2, 3, 3, 3, '2016-07-15 17:39:16'),
(2847, 236, NULL, '2016-07-06 13:12:00', NULL, 2, 3, 3, 3, '2016-07-15 17:39:16'),
(2848, 236, '2016-07-06 23:58:00', '2016-07-07 09:57:00', NULL, 2, 3, 3, 3, '2016-07-15 17:39:16'),
(2849, 236, '2016-07-08 00:04:00', '2016-07-08 09:52:00', NULL, 2, 3, 3, 3, '2016-07-15 17:39:16'),
(2850, 236, '2016-07-08 23:45:00', '2016-07-09 04:12:00', NULL, 2, 3, 3, 3, '2016-07-15 17:39:16'),
(2851, 236, '2016-07-09 04:12:00', '2016-07-09 04:13:00', NULL, 2, 3, 3, 3, '2016-07-15 17:39:16'),
(2852, 236, NULL, '2016-07-09 10:35:00', NULL, 2, 3, 3, 3, '2016-07-15 17:39:16'),
(2853, 236, NULL, '2016-07-11 00:06:00', NULL, 2, 3, 3, 3, '2016-07-15 17:39:16'),
(2854, 237, '2016-07-06 09:11:00', NULL, NULL, 2, 3, 3, 3, '2016-07-15 17:39:16'),
(2855, 237, '2016-07-06 23:58:00', '2016-07-07 09:35:00', NULL, 2, 3, 3, 3, '2016-07-15 17:39:16'),
(2856, 237, '2016-07-08 00:01:00', '2016-07-08 09:28:00', NULL, 2, 3, 3, 3, '2016-07-15 17:39:16'),
(2857, 237, NULL, '2016-07-08 09:28:00', NULL, 2, 3, 3, 3, '2016-07-15 17:39:16'),
(2858, 237, NULL, '2016-07-08 09:28:00', NULL, 2, 3, 3, 3, '2016-07-15 17:39:16'),
(2859, 237, '2016-07-08 23:45:00', '2016-07-09 09:34:00', NULL, 2, 3, 3, 3, '2016-07-15 17:39:16'),
(2860, 237, '2016-07-11 00:02:00', NULL, NULL, 2, 3, 3, 3, '2016-07-15 17:39:16'),
(2861, 238, NULL, '2016-07-06 13:11:00', NULL, 2, 3, 3, 3, '2016-07-15 17:39:16'),
(2862, 238, '2016-07-06 23:51:00', '2016-07-07 09:03:00', NULL, 2, 3, 3, 3, '2016-07-15 17:39:16'),
(2863, 238, '2016-07-07 23:53:00', '2016-07-08 09:04:00', NULL, 2, 3, 3, 3, '2016-07-15 17:39:16'),
(2864, 238, '2016-07-08 23:52:00', '2016-07-09 09:02:00', NULL, 2, 3, 3, 3, '2016-07-15 17:39:16'),
(2865, 238, '2016-07-10 23:50:00', NULL, NULL, 2, 3, 3, 3, '2016-07-15 17:39:16'),
(2866, 243, NULL, '2016-07-04 09:38:00', NULL, 2, 3, 3, 3, '2016-07-15 17:39:16'),
(2867, 243, NULL, '2016-07-05 12:13:00', NULL, 2, 3, 3, 3, '2016-07-15 17:39:16'),
(2868, 243, '2016-07-06 23:39:00', '2016-07-07 10:29:00', NULL, 2, 3, 3, 3, '2016-07-15 17:39:16'),
(2869, 243, '2016-07-07 23:21:00', '2016-07-08 10:02:00', NULL, 2, 3, 3, 3, '2016-07-15 17:39:16'),
(2870, 243, '2016-07-08 22:33:00', '2016-07-09 09:04:00', NULL, 2, 3, 3, 3, '2016-07-15 17:39:16'),
(2871, 243, '2016-07-09 23:42:00', NULL, NULL, 2, 3, 3, 3, '2016-07-15 17:39:16'),
(2872, 243, '2016-07-09 23:42:00', NULL, NULL, 2, 3, 3, 3, '2016-07-15 17:39:16'),
(2873, 244, NULL, '2016-07-04 09:38:00', NULL, 2, 3, 3, 3, '2016-07-15 17:39:16'),
(2874, 244, NULL, '2016-07-06 10:09:00', NULL, 2, 3, 3, 3, '2016-07-15 17:39:16'),
(2875, 244, '2016-07-06 23:53:00', '2016-07-07 10:13:00', NULL, 2, 3, 3, 3, '2016-07-15 17:39:16'),
(2876, 244, '2016-07-07 23:51:00', '2016-07-08 10:02:00', NULL, 2, 3, 3, 3, '2016-07-15 17:39:16'),
(2877, 244, '2016-07-08 22:50:00', NULL, NULL, 2, 3, 3, 3, '2016-07-15 17:39:16'),
(2878, 244, '2016-07-09 09:02:00', NULL, NULL, 2, 3, 3, 3, '2016-07-15 17:39:16'),
(2879, 244, '2016-07-10 23:57:00', NULL, NULL, 2, 3, 3, 3, '2016-07-15 17:39:16'),
(2880, 245, NULL, '2016-07-05 03:56:00', NULL, 2, 3, 3, 3, '2016-07-15 17:39:16'),
(2881, 245, '2016-07-05 23:53:00', '2016-07-06 09:04:00', NULL, 2, 3, 3, 3, '2016-07-15 17:39:16'),
(2882, 245, '2016-07-06 23:55:00', '2016-07-07 09:15:00', NULL, 2, 3, 3, 3, '2016-07-15 17:39:16'),
(2883, 245, '2016-07-07 23:57:00', '2016-07-08 09:05:00', NULL, 2, 3, 3, 3, '2016-07-15 17:39:16'),
(2884, 245, '2016-07-08 23:57:00', '2016-07-09 09:09:00', NULL, 2, 3, 3, 3, '2016-07-15 17:39:16'),
(2885, 245, '2016-07-10 23:56:00', NULL, NULL, 2, 3, 3, 3, '2016-07-15 17:39:16'),
(2886, 246, NULL, '2016-07-06 09:15:00', NULL, 2, 3, 3, 3, '2016-07-15 17:39:16'),
(2887, 246, '2016-07-06 23:32:00', '2016-07-07 09:20:00', NULL, 2, 3, 3, 3, '2016-07-15 17:39:16'),
(2888, 246, '2016-07-07 23:32:00', '2016-07-08 09:06:00', NULL, 2, 3, 3, 3, '2016-07-15 17:39:16'),
(2889, 246, '2016-07-08 23:29:00', '2016-07-09 09:28:00', NULL, 2, 3, 3, 3, '2016-07-15 17:39:16'),
(2890, 246, '2016-07-10 23:28:00', NULL, NULL, 2, 3, 3, 3, '2016-07-15 17:39:16'),
(2891, 248, '2016-07-02 04:59:00', NULL, NULL, 2, 3, 3, 3, '2016-07-15 17:39:16'),
(2892, 248, NULL, '2016-07-04 03:58:00', NULL, 2, 3, 3, 3, '2016-07-15 17:39:16'),
(2893, 248, NULL, '2016-07-06 09:05:00', NULL, 2, 3, 3, 3, '2016-07-15 17:39:16'),
(2894, 248, '2016-07-06 23:35:00', '2016-07-07 09:57:00', NULL, 2, 3, 3, 3, '2016-07-15 17:39:16'),
(2895, 248, '2016-07-07 09:57:00', NULL, NULL, 2, 3, 3, 3, '2016-07-15 17:39:16'),
(2896, 248, '2016-07-07 23:39:00', '2016-07-08 09:52:00', NULL, 2, 3, 3, 3, '2016-07-15 17:39:16'),
(2897, 248, '2016-07-08 23:48:00', '2016-07-09 10:35:00', NULL, 2, 3, 3, 3, '2016-07-15 17:39:16'),
(2898, 248, '2016-07-11 00:02:00', NULL, NULL, 2, 3, 3, 3, '2016-07-15 17:39:16'),
(2899, 249, NULL, '2016-07-06 09:02:00', NULL, 2, 3, 3, 3, '2016-07-15 17:39:16'),
(2900, 249, '2016-07-06 23:57:00', '2016-07-07 09:12:00', NULL, 2, 3, 3, 3, '2016-07-15 17:39:16'),
(2901, 249, '2016-07-07 23:53:00', '2016-07-08 09:31:00', NULL, 2, 3, 3, 3, '2016-07-15 17:39:16'),
(2902, 249, '2016-07-09 00:04:00', '2016-07-09 09:40:00', NULL, 2, 3, 3, 3, '2016-07-15 17:39:16'),
(2903, 249, '2016-07-10 23:54:00', NULL, NULL, 2, 3, 3, 3, '2016-07-15 17:39:16'),
(2904, 250, NULL, '2016-07-06 09:10:00', NULL, 2, 3, 3, 3, '2016-07-15 17:39:16'),
(2905, 250, '2016-07-07 04:42:00', '2016-07-07 10:04:00', NULL, 2, 3, 3, 3, '2016-07-15 17:39:16'),
(2906, 250, '2016-07-08 00:11:00', '2016-07-08 09:07:00', NULL, 2, 3, 3, 3, '2016-07-15 17:39:16'),
(2907, 250, '2016-07-09 00:15:00', '2016-07-09 11:11:00', NULL, 2, 3, 3, 3, '2016-07-15 17:39:16'),
(2908, 250, '2016-07-11 00:09:00', NULL, NULL, 2, 3, 3, 3, '2016-07-15 17:39:16'),
(2909, 251, NULL, '2016-07-06 09:01:00', NULL, 2, 3, 3, 3, '2016-07-15 17:39:16'),
(2910, 251, '2016-07-06 23:57:00', '2016-07-07 09:05:00', NULL, 2, 3, 3, 3, '2016-07-15 17:39:16'),
(2911, 251, '2016-07-08 23:50:00', '2016-07-09 09:06:00', NULL, 2, 3, 3, 3, '2016-07-15 17:39:16'),
(2912, 251, '2016-07-10 05:13:00', NULL, NULL, 2, 3, 3, 3, '2016-07-15 17:39:16'),
(2913, 251, '2016-07-10 06:42:00', NULL, NULL, 2, 3, 3, 3, '2016-07-15 17:39:16'),
(2914, 251, '2016-07-10 22:07:00', NULL, NULL, 2, 3, 3, 3, '2016-07-15 17:39:16'),
(2915, 252, NULL, '2016-07-06 09:09:00', NULL, 2, 3, 3, 3, '2016-07-15 17:39:16'),
(2916, 252, '2016-07-06 23:59:00', NULL, NULL, 2, 3, 3, 3, '2016-07-15 17:39:16'),
(2917, 252, '2016-07-06 23:59:00', '2016-07-07 09:05:00', NULL, 2, 3, 3, 3, '2016-07-15 17:39:16'),
(2918, 252, '2016-07-07 23:45:00', NULL, NULL, 2, 3, 3, 3, '2016-07-15 17:39:16'),
(2919, 252, '2016-07-08 09:01:00', NULL, NULL, 2, 3, 3, 3, '2016-07-15 17:39:16'),
(2920, 252, '2016-07-09 00:06:00', '2016-07-09 09:02:00', NULL, 2, 3, 3, 3, '2016-07-15 17:39:16'),
(2921, 252, NULL, '2016-07-09 09:02:00', NULL, 2, 3, 3, 3, '2016-07-15 17:39:16'),
(2922, 252, '2016-07-10 00:06:00', NULL, NULL, 2, 3, 3, 3, '2016-07-15 17:39:16'),
(2923, 252, '2016-07-11 00:04:00', NULL, NULL, 2, 3, 3, 3, '2016-07-15 17:39:16'),
(2924, 252, '2016-07-11 00:04:00', NULL, NULL, 2, 3, 3, 3, '2016-07-15 17:39:16'),
(2925, 253, '2016-07-07 00:00:00', '2016-07-07 09:17:00', NULL, 2, 3, 3, 3, '2016-07-15 17:39:16'),
(2926, 253, '2016-07-08 00:02:00', '2016-07-08 12:31:00', NULL, 2, 3, 3, 3, '2016-07-15 17:39:16'),
(2927, 253, '2016-07-08 23:59:00', '2016-07-09 10:18:00', NULL, 2, 3, 3, 3, '2016-07-15 17:39:16'),
(2928, 253, '2016-07-10 23:56:00', NULL, NULL, 2, 3, 3, 3, '2016-07-15 17:39:16'),
(2929, 255, NULL, '2016-07-05 10:35:00', NULL, 2, 3, 3, 3, '2016-07-15 17:39:16'),
(2930, 255, NULL, '2016-07-06 09:21:00', NULL, 2, 3, 3, 3, '2016-07-15 17:39:16'),
(2931, 255, '2016-07-06 22:22:00', '2016-07-07 09:12:00', NULL, 2, 3, 3, 3, '2016-07-15 17:39:16'),
(2932, 255, '2016-07-07 23:45:00', '2016-07-08 09:10:00', NULL, 2, 3, 3, 3, '2016-07-15 17:39:16'),
(2933, 255, '2016-07-08 23:53:00', NULL, NULL, 2, 3, 3, 3, '2016-07-15 17:39:16'),
(2934, 255, '2016-07-09 23:52:00', NULL, NULL, 2, 3, 3, 3, '2016-07-15 17:39:16'),
(2935, 255, '2016-07-10 23:47:00', NULL, NULL, 2, 3, 3, 3, '2016-07-15 17:39:16'),
(2936, 256, '2016-07-07 22:09:00', '2016-07-08 09:18:00', NULL, 2, 3, 3, 3, '2016-07-15 17:39:16'),
(2937, 256, '2016-07-08 22:10:00', '2016-07-09 09:04:00', NULL, 2, 3, 3, 3, '2016-07-15 17:39:16'),
(2938, 256, '2016-07-09 22:04:00', NULL, NULL, 2, 3, 3, 3, '2016-07-15 17:39:16'),
(2939, 269, NULL, '2016-07-07 09:18:00', NULL, 2, 3, 3, 3, '2016-07-15 17:39:16'),
(2940, 269, '2016-07-07 23:29:00', '2016-07-08 09:08:00', NULL, 2, 3, 3, 3, '2016-07-15 17:39:16'),
(2941, 269, '2016-07-08 22:22:00', '2016-07-09 09:06:00', NULL, 2, 3, 3, 3, '2016-07-15 17:39:16'),
(2942, 269, '2016-07-10 23:26:00', NULL, NULL, 2, 3, 3, 3, '2016-07-15 17:39:16'),
(2943, 263, NULL, '2016-07-07 09:09:00', NULL, 2, 3, 3, 3, '2016-07-15 17:39:16'),
(2944, 263, '2016-07-08 23:58:00', '2016-07-09 09:06:00', NULL, 2, 3, 3, 3, '2016-07-15 17:39:16'),
(2945, 266, '2016-07-08 23:52:00', NULL, NULL, 2, 3, 3, 3, '2016-07-15 17:39:16'),
(2946, 266, '2016-07-10 23:37:00', NULL, NULL, 2, 3, 3, 3, '2016-07-15 17:39:16');

-- --------------------------------------------------------

--
-- Table structure for table `employee_departments`
--

CREATE TABLE `employee_departments` (
  `id` int(10) UNSIGNED NOT NULL,
  `department_id` int(10) UNSIGNED NOT NULL,
  `employee_id` int(10) UNSIGNED NOT NULL,
  `from` date NOT NULL,
  `to` date DEFAULT NULL
) ENGINE=InnoDB DEFAULT CHARSET=utf8 COLLATE=utf8_bin;

--
-- Dumping data for table `employee_departments`
--

INSERT INTO `employee_departments` (`id`, `department_id`, `employee_id`, `from`, `to`) VALUES
(41, 6, 3, '2016-05-15', '2016-05-15'),
(42, 6, 4, '2016-06-22', '2016-05-15'),
(43, 6, 268, '2016-06-22', NULL);

-- --------------------------------------------------------

--
-- Table structure for table `employee_positions`
--

CREATE TABLE `employee_positions` (
  `id` int(10) UNSIGNED NOT NULL,
  `employee_id` int(10) UNSIGNED NOT NULL,
  `position_id` int(10) UNSIGNED NOT NULL,
  `from` date NOT NULL,
  `to` date DEFAULT NULL
) ENGINE=InnoDB DEFAULT CHARSET=utf8 COLLATE=utf8_bin;

--
-- Dumping data for table `employee_positions`
--

INSERT INTO `employee_positions` (`id`, `employee_id`, `position_id`, `from`, `to`) VALUES
(50, 3, 8, '2016-05-15', NULL),
(51, 4, 8, '2016-06-22', NULL),
(52, 268, 10, '2016-07-15', NULL);

-- --------------------------------------------------------

--
-- Table structure for table `employee_reports`
--

CREATE TABLE `employee_reports` (
  `id` int(10) UNSIGNED NOT NULL,
  `employee_id` int(10) UNSIGNED NOT NULL,
  `title` text NOT NULL,
  `date` date NOT NULL,
  `body` text NOT NULL,
  `image` text,
  `status` tinyint(1) NOT NULL DEFAULT '0',
  `created_by` int(10) UNSIGNED NOT NULL,
  `last_updated_by` int(10) UNSIGNED NOT NULL,
  `resolved_by` int(10) UNSIGNED NOT NULL,
  `date_created` timestamp NOT NULL DEFAULT CURRENT_TIMESTAMP
) ENGINE=InnoDB DEFAULT CHARSET=latin1;

--
-- Dumping data for table `employee_reports`
--

INSERT INTO `employee_reports` (`id`, `employee_id`, `title`, `date`, `body`, `image`, `status`, `created_by`, `last_updated_by`, `resolved_by`, `date_created`) VALUES
(4, 4, 'dasdas', '2016-06-29', 'dsada', NULL, 1, 3, 3, 3, '2016-06-28 15:20:37'),
(5, 4, 'dasdsadsadas', '2016-06-29', 'dasdas', NULL, 1, 3, 3, 3, '2016-06-28 15:30:05'),
(6, 3, 'dasdsa', '2016-06-07', 'dasdsadas', NULL, 0, 3, 3, 3, '2016-06-29 10:48:22');

-- --------------------------------------------------------

--
-- Table structure for table `employee_requests`
--

CREATE TABLE `employee_requests` (
  `id` int(10) UNSIGNED NOT NULL,
  `sender_id` int(10) UNSIGNED NOT NULL,
  `department_id` int(10) UNSIGNED NOT NULL,
  `type` enum('matpat','sl','wml','vl','o') COLLATE utf8_bin NOT NULL COMMENT 'matpat - maternity/paternity leave\nsl - sick leave\nmpl - mens paid leave\nwml - womens menstruation leave\nvl - vacation leave\no - others',
  `custom_type_name` varchar(50) COLLATE utf8_bin DEFAULT NULL,
  `datetime_filed` timestamp NOT NULL DEFAULT CURRENT_TIMESTAMP ON UPDATE CURRENT_TIMESTAMP,
  `date_start` date NOT NULL,
  `date_end` date NOT NULL,
  `title` varchar(100) COLLATE utf8_bin NOT NULL,
  `content` text COLLATE utf8_bin,
  `approved_by` int(10) UNSIGNED DEFAULT NULL,
  `status` enum('p','a','da') COLLATE utf8_bin NOT NULL COMMENT 'p - pending\na - approved\nda - disapproved',
  `is_acknowledged` tinyint(1) NOT NULL DEFAULT '0',
  `halfday` enum('am','pm') COLLATE utf8_bin DEFAULT NULL
) ENGINE=InnoDB DEFAULT CHARSET=utf8 COLLATE=utf8_bin;

-- --------------------------------------------------------

--
-- Table structure for table `employee_suspensions`
--

CREATE TABLE `employee_suspensions` (
  `id` int(10) UNSIGNED NOT NULL,
  `employee_id` int(10) UNSIGNED NOT NULL,
  `start_date` date NOT NULL,
  `end_date` date NOT NULL,
  `title` text NOT NULL,
  `body` text NOT NULL,
  `status` tinyint(1) NOT NULL DEFAULT '0',
  `created_by` int(10) UNSIGNED NOT NULL,
  `last_updated_by` int(10) UNSIGNED NOT NULL,
  `resolved_by` int(10) UNSIGNED DEFAULT NULL,
  `date_created` timestamp NOT NULL DEFAULT CURRENT_TIMESTAMP
) ENGINE=InnoDB DEFAULT CHARSET=latin1;

--
-- Dumping data for table `employee_suspensions`
--

INSERT INTO `employee_suspensions` (`id`, `employee_id`, `start_date`, `end_date`, `title`, `body`, `status`, `created_by`, `last_updated_by`, `resolved_by`, `date_created`) VALUES
(1, 3, '2016-06-23', '2016-06-03', 'asdasdas', 'dasdasdas', 1, 3, 3, 3, '2016-06-29 13:40:54');

-- --------------------------------------------------------

--
-- Table structure for table `loans`
--

CREATE TABLE `loans` (
  `id` int(11) UNSIGNED NOT NULL,
  `loan_name` varchar(50) NOT NULL,
  `loan_date` timestamp NULL DEFAULT NULL,
  `employee_id` int(10) UNSIGNED NOT NULL,
  `loan_amount` decimal(15,2) DEFAULT NULL,
  `loan_minimum_pay` float(15,2) NOT NULL DEFAULT '0.00'
) ENGINE=InnoDB DEFAULT CHARSET=latin1;

--
-- Dumping data for table `loans`
--

INSERT INTO `loans` (`id`, `loan_name`, `loan_date`, `employee_id`, `loan_amount`, `loan_minimum_pay`) VALUES
(2, 'rey', '2016-08-09 16:00:00', 268, '11.11', 1.00),
(3, 'nicole', '2016-08-19 16:00:00', 268, '99.99', 5.00),
(4, 'dfdsf', '2016-08-02 16:00:00', 115, '222.22', 222.22);

-- --------------------------------------------------------

--
-- Table structure for table `payment_terms`
--

CREATE TABLE `payment_terms` (
  `id` int(10) NOT NULL,
  `loan_id` int(10) UNSIGNED NOT NULL,
  `payroll_id` int(11) UNSIGNED NOT NULL,
  `payment_date` date DEFAULT NULL,
  `payment_amount` decimal(15,2) NOT NULL
) ENGINE=InnoDB DEFAULT CHARSET=latin1;

--
-- Dumping data for table `payment_terms`
--

INSERT INTO `payment_terms` (`id`, `loan_id`, `payroll_id`, `payment_date`, `payment_amount`) VALUES
(17, 3, 40, '2016-08-10', '5.00'),
(18, 2, 40, '2016-08-10', '2.00'),
(19, 3, 41, '2016-08-12', '2.00'),
(20, 2, 41, '2016-08-12', '5.00'),
(21, 3, 42, '2016-08-12', '2.00'),
(22, 2, 42, '2016-08-12', '5.00'),
(23, 3, 43, '2016-08-12', '2.00'),
(24, 2, 43, '2016-08-12', '5.00'),
(25, 3, 44, '2016-08-12', '2.00'),
(26, 2, 44, '2016-08-12', '5.00'),
(27, 3, 45, '2016-08-12', '2.00'),
(28, 2, 45, '2016-08-12', '5.00'),
(29, 3, 46, '2016-08-12', '5.00'),
(30, 2, 46, '2016-08-12', '1.00');

-- --------------------------------------------------------

--
-- Table structure for table `payroll`
--

CREATE TABLE `payroll` (
  `id` int(10) UNSIGNED NOT NULL,
  `employee_id` int(10) UNSIGNED NOT NULL,
  `start_date` date NOT NULL,
  `end_date` date NOT NULL,
  `days_rendered` float DEFAULT '0',
  `overtime_hours_rendered` float DEFAULT '0',
  `late_minutes` float DEFAULT '0',
  `current_daily_wage` decimal(13,2) DEFAULT '0.00',
  `daily_wage_units` int(11) NOT NULL,
  `wage_adjustment` decimal(13,2) DEFAULT '0.00',
  `current_late_penalty` decimal(13,2) DEFAULT '0.00',
  `overtime_pay` decimal(13,2) DEFAULT '0.00',
  `batch_id` int(10) NOT NULL,
  `is_printed` tinyint(1) NOT NULL DEFAULT '0',
  `approval_status` tinyint(1) NOT NULL DEFAULT '0',
  `approved_by` int(10) UNSIGNED DEFAULT NULL,
  `created_by` int(10) UNSIGNED NOT NULL,
  `date_created` timestamp NOT NULL DEFAULT CURRENT_TIMESTAMP
) ENGINE=InnoDB DEFAULT CHARSET=utf8 COLLATE=utf8_bin;

--
-- Dumping data for table `payroll`
--

INSERT INTO `payroll` (`id`, `employee_id`, `start_date`, `end_date`, `days_rendered`, `overtime_hours_rendered`, `late_minutes`, `current_daily_wage`, `daily_wage_units`, `wage_adjustment`, `current_late_penalty`, `overtime_pay`, `batch_id`, `is_printed`, `approval_status`, `approved_by`, `created_by`, `date_created`) VALUES
(28, 268, '2016-07-01', '2016-07-31', 2.49, 2, 5, '20000.10', 1, '0.00', '5.00', '2000.01', 28, 1, 1, 3, 3, '2016-08-10 14:27:23'),
(29, 268, '2016-07-01', '2016-07-31', 2.49, 2, 5, '2000.01', 1, '0.00', '5.00', '200.00', 28, 1, 1, 3, 3, '2016-08-10 14:27:23'),
(30, 268, '2016-07-01', '2016-07-31', 2.49, 2, 5, '2000.01', 1, '0.00', '5.00', '200.00', 28, 1, 1, 3, 3, '2016-08-10 14:27:23'),
(31, 268, '2016-07-01', '2016-07-31', 2.49, 2, 5, '2000.01', 1, '0.00', '5.00', '200.00', 28, 1, 1, 3, 3, '2016-08-10 14:27:23'),
(36, 268, '2016-07-01', '2016-08-30', 2.49, 2, 5, '200.00', 1, '0.00', '5.00', '20.00', 30, 0, 1, 3, 3, '2016-08-10 14:27:23'),
(40, 268, '2016-07-01', '2016-08-31', 2.49, 2, 5, '200.00', 1, '0.00', '5.00', '20.00', 34, 0, 1, 3, 3, '2016-08-10 15:44:24'),
(41, 268, '2016-08-02', '2016-08-03', 0, 0, 0, '200.00', 1, '0.00', '5.00', '10.00', 35, 0, 1, 3, 3, '2016-08-12 14:45:34'),
(42, 268, '2016-08-02', '2016-08-03', 0, 0, 0, '200.00', 1, '0.00', '5.00', '10.00', 36, 0, 1, 3, 3, '2016-08-12 14:45:42'),
(43, 268, '2016-08-02', '2016-08-03', 0, 0, 0, '200.00', 1, '0.00', '5.00', '10.00', 37, 0, 1, 3, 3, '2016-08-12 14:46:10'),
(44, 268, '2016-08-02', '2016-08-03', 0, 0, 0, '200.00', 1, '0.00', '5.00', '10.00', 38, 0, 1, 3, 3, '2016-08-12 14:48:31'),
(45, 268, '2016-08-02', '2016-08-03', 0, 0, 0, '200.00', 1, '0.00', '5.00', '10.00', 39, 0, 1, 3, 3, '2016-08-12 14:49:39'),
(46, 268, '2016-08-22', '2016-08-24', 0, 0, 0, '200.00', 1, '0.00', '5.00', '10.00', 40, 0, 1, 3, 3, '2016-08-12 14:53:29');

-- --------------------------------------------------------

--
-- Table structure for table `payroll_particulars`
--

CREATE TABLE `payroll_particulars` (
  `id` int(10) UNSIGNED NOT NULL,
  `payroll_id` int(10) UNSIGNED NOT NULL,
  `particulars_id` int(10) UNSIGNED DEFAULT NULL,
  `loan_id` int(11) UNSIGNED DEFAULT NULL,
  `units` int(11) NOT NULL DEFAULT '1',
  `amount` decimal(13,2) NOT NULL
) ENGINE=InnoDB DEFAULT CHARSET=utf8 COLLATE=utf8_bin;

--
-- Dumping data for table `payroll_particulars`
--

INSERT INTO `payroll_particulars` (`id`, `payroll_id`, `particulars_id`, `loan_id`, `units`, `amount`) VALUES
(28, 28, 5, NULL, 1, '1000.01'),
(34, 28, 4, NULL, 1, '1.11'),
(35, 28, 6, NULL, 1, '0.11'),
(36, 28, 4, NULL, 1, '1.11'),
(43, 36, 5, NULL, 1, '100.00'),
(44, 36, NULL, 3, 1, '0.00'),
(45, 36, NULL, 2, 1, '0.00'),
(55, 40, 5, NULL, 1, '100.00'),
(56, 40, NULL, 3, 1, '0.00'),
(57, 40, NULL, 2, 1, '0.00'),
(58, 41, NULL, 3, 1, '0.00'),
(59, 41, NULL, 2, 1, '0.00'),
(60, 42, NULL, 3, 1, '0.00'),
(61, 42, NULL, 2, 1, '0.00'),
(62, 43, NULL, 3, 1, '0.00'),
(63, 43, NULL, 2, 1, '0.00'),
(64, 44, NULL, 3, 1, '0.00'),
(65, 44, NULL, 2, 1, '0.00'),
(66, 45, NULL, 3, 1, '0.00'),
(67, 45, NULL, 2, 1, '0.00'),
(68, 46, NULL, 3, 1, '0.00'),
(69, 46, NULL, 2, 1, '0.00');

-- --------------------------------------------------------

--
-- Table structure for table `pay_modifiers`
--

CREATE TABLE `pay_modifiers` (
  `id` int(10) UNSIGNED NOT NULL,
  `name` varchar(50) COLLATE utf8_bin NOT NULL,
  `particular_type` enum('d','m') COLLATE utf8_bin NOT NULL COMMENT 'd - daily     m - monthly',
  `type` enum('a','d') COLLATE utf8_bin NOT NULL COMMENT 'a - additional\nd - deductions',
  `allow_pm` tinyint(1) NOT NULL DEFAULT '0'
) ENGINE=InnoDB DEFAULT CHARSET=utf8 COLLATE=utf8_bin;

--
-- Dumping data for table `pay_modifiers`
--

INSERT INTO `pay_modifiers` (`id`, `name`, `particular_type`, `type`, `allow_pm`) VALUES
(4, 'SSS', 'd', 'd', 0),
(5, 'Bonus', 'd', 'a', 0),
(6, 'trial', 'm', 'a', 0);

-- --------------------------------------------------------

--
-- Table structure for table `positions`
--

CREATE TABLE `positions` (
  `id` int(10) UNSIGNED NOT NULL,
  `name` varchar(45) COLLATE utf8_bin NOT NULL,
  `attendance_type` enum('re','fl') COLLATE utf8_bin DEFAULT NULL,
  `workday` text COLLATE utf8_bin NOT NULL,
  `daily_rate` decimal(15,2) NOT NULL DEFAULT '0.00',
  `overtime_rate` decimal(15,2) NOT NULL DEFAULT '0.00',
  `allowed_late_period` decimal(15,2) NOT NULL DEFAULT '0.00',
  `late_penalty` decimal(15,2) NOT NULL DEFAULT '0.00'
) ENGINE=InnoDB DEFAULT CHARSET=utf8 COLLATE=utf8_bin;

--
-- Dumping data for table `positions`
--

INSERT INTO `positions` (`id`, `name`, `attendance_type`, `workday`, `daily_rate`, `overtime_rate`, `allowed_late_period`, `late_penalty`) VALUES
(8, 'HR', 're', '[{"day":"3","time":{"from_time_1":"8:00 AM","to_time_1":"12:00 PM","from_time_2":"1:00 PM","to_time_2":"5:00 PM"},"first_hours":4,"second_hours":4,"total_working_hours":8},{"day":"4","time":{"from_time_1":"8:00 AM","to_time_1":"12:00 PM","from_time_2":"1:00 PM","to_time_2":"5:00 PM"},"first_hours":4,"second_hours":4,"total_working_hours":8},{"day":"5","time":{"from_time_1":"8:00 AM","to_time_1":"12:00 PM","from_time_2":"1:00 PM","to_time_2":"5:00 PM"},"first_hours":4,"second_hours":4,"total_working_hours":8}]', '11.11', '11.11', '11.11', '11.11'),
(9, 'asddasdasdasdas', 're', '[{"day":"1","time":{"from_time_1":"1:15 AM","to_time_1":"2:15 AM","from_time_2":"1:15 PM","to_time_2":"2:15 AM"},"first_hours":1,"second_hours":11,"total_working_hours":12}]', '0.00', '0.00', '0.00', '0.00'),
(10, 'Sample', 're', '[{"day":"1","time":{"from_time_1":"8:00 AM","to_time_1":"12:00 PM","from_time_2":"1:00 PM","to_time_2":"5:00 PM"},"first_hours":4,"second_hours":4,"total_working_hours":8},{"day":"2","time":{"from_time_1":"8:00 AM","to_time_1":"12:00 PM","from_time_2":"1:00 PM","to_time_2":"5:00 PM"},"first_hours":4,"second_hours":4,"total_working_hours":8},{"day":"3","time":{"from_time_1":"8:00 AM","to_time_1":"12:00 PM","from_time_2":"1:00 PM","to_time_2":"5:00 PM"},"first_hours":4,"second_hours":4,"total_working_hours":8},{"day":"4","time":{"from_time_1":"8:00 AM","to_time_1":"12:00 PM","from_time_2":"1:00 PM","to_time_2":"5:00 PM"},"first_hours":4,"second_hours":4,"total_working_hours":8},{"day":"5","time":{"from_time_1":"8:00 AM","to_time_1":"12:00 PM","from_time_2":"1:00 PM","to_time_2":"5:00 PM"},"first_hours":4,"second_hours":4,"total_working_hours":8},{"day":"6","time":{"from_time_1":"8:00 AM","to_time_1":"12:00 PM","from_time_2":"1:00 PM","to_time_2":"5:00 PM"},"first_hours":4,"second_hours":4,"total_working_hours":8}]', '200.00', '10.00', '15.00', '5.00'),
(11, 'asasdsa', 're', '[{"day":"4","time":{"from_time_1":"1:15 AM","to_time_1":"1:15 AM","from_time_2":"1:15 AM","to_time_2":"1:15 AM"},"first_hours":0,"second_hours":0,"total_working_hours":0}]', '11.11', '1111.11', '1.11', '11.11');

-- --------------------------------------------------------

--
-- Table structure for table `salary_particulars`
--

CREATE TABLE `salary_particulars` (
  `id` int(10) UNSIGNED NOT NULL,
  `position_id` int(10) UNSIGNED NOT NULL,
  `particulars_id` int(10) UNSIGNED NOT NULL,
  `amount` decimal(15,2) NOT NULL
) ENGINE=InnoDB DEFAULT CHARSET=utf8 COLLATE=utf8_bin;

--
-- Dumping data for table `salary_particulars`
--

INSERT INTO `salary_particulars` (`id`, `position_id`, `particulars_id`, `amount`) VALUES
(10, 8, 5, '11.11'),
(11, 8, 6, '11.11'),
(13, 11, 4, '1.11'),
(14, 10, 5, '100.00');

--
-- Indexes for dumped tables
--

--
-- Indexes for table `bonus`
--
ALTER TABLE `bonus`
  ADD PRIMARY KEY (`id`),
  ADD KEY `pay_modifier_id` (`pay_modifier_id`),
  ADD KEY `created_by` (`created_by`),
  ADD KEY `last_updated_by` (`last_updated_by`),
  ADD KEY `approved_by` (`approved_by`);

--
-- Indexes for table `bonus_departments`
--
ALTER TABLE `bonus_departments`
  ADD PRIMARY KEY (`id`),
  ADD KEY `bonus_id` (`bonus_id`),
  ADD KEY `department_id` (`department_id`);

--
-- Indexes for table `bonus_employees`
--
ALTER TABLE `bonus_employees`
  ADD PRIMARY KEY (`id`),
  ADD KEY `bonus_id` (`bonus_id`),
  ADD KEY `employee_id` (`employee_id`);

--
-- Indexes for table `departments`
--
ALTER TABLE `departments`
  ADD PRIMARY KEY (`id`),
  ADD UNIQUE KEY `name_UNIQUE` (`name`),
  ADD UNIQUE KEY `id_number_UNIQUE` (`id_number`);

--
-- Indexes for table `department_supervisors`
--
ALTER TABLE `department_supervisors`
  ADD PRIMARY KEY (`id`),
  ADD KEY `department_supervisors_employee_id_foreign_idx` (`employee_id`),
  ADD KEY `department_supervisors_department_id_foreign_idx` (`department_id`);

--
-- Indexes for table `employees`
--
ALTER TABLE `employees`
  ADD PRIMARY KEY (`id`),
  ADD UNIQUE KEY `email_address_UNIQUE` (`email_address`),
  ADD UNIQUE KEY `employee_number_UNIQUE` (`id_number`),
  ADD UNIQUE KEY `rfid_uid_UNIQUE` (`rfid_uid`);

--
-- Indexes for table `employee_attendance`
--
ALTER TABLE `employee_attendance`
  ADD PRIMARY KEY (`id`),
  ADD KEY `employee_attendance_employee_id_foreign_idx` (`employee_id`),
  ADD KEY `employee_attendance_request_id_foreign_idx` (`request_id`),
  ADD KEY `created_by` (`created_by`),
  ADD KEY `last_updated_by` (`last_updated_by`),
  ADD KEY `last_approved_by` (`last_approved_by`);

--
-- Indexes for table `employee_departments`
--
ALTER TABLE `employee_departments`
  ADD PRIMARY KEY (`id`),
  ADD KEY `employee_departments_department_id_foreign_idx` (`department_id`),
  ADD KEY `employee_departments_employee_id_foreign_idx` (`employee_id`);

--
-- Indexes for table `employee_positions`
--
ALTER TABLE `employee_positions`
  ADD PRIMARY KEY (`id`),
  ADD KEY `employee_positions_employee_id_foreign_idx` (`employee_id`),
  ADD KEY `employee_positions_position_id_foreign_idx` (`position_id`);

--
-- Indexes for table `employee_reports`
--
ALTER TABLE `employee_reports`
  ADD PRIMARY KEY (`id`),
  ADD KEY `created_by` (`created_by`),
  ADD KEY `last_updated_by` (`last_updated_by`),
  ADD KEY `resolved_by` (`resolved_by`),
  ADD KEY `employee_id` (`employee_id`);

--
-- Indexes for table `employee_requests`
--
ALTER TABLE `employee_requests`
  ADD PRIMARY KEY (`id`),
  ADD KEY `employee_requests_sender_id_foreign_idx` (`sender_id`),
  ADD KEY `employee_requests_department_id_foreign_idx` (`department_id`),
  ADD KEY `employee_requests_approved_by_foreign_idx` (`approved_by`);

--
-- Indexes for table `employee_suspensions`
--
ALTER TABLE `employee_suspensions`
  ADD PRIMARY KEY (`id`),
  ADD KEY `employee_id` (`employee_id`),
  ADD KEY `created_by` (`created_by`),
  ADD KEY `last_updated_by` (`last_updated_by`),
  ADD KEY `resolved_by` (`resolved_by`);

--
-- Indexes for table `loans`
--
ALTER TABLE `loans`
  ADD PRIMARY KEY (`id`);

--
-- Indexes for table `payment_terms`
--
ALTER TABLE `payment_terms`
  ADD PRIMARY KEY (`id`),
  ADD KEY `payment_terms_loan_id_foreign_idx` (`loan_id`),
  ADD KEY `payroll_id` (`payroll_id`);

--
-- Indexes for table `payroll`
--
ALTER TABLE `payroll`
  ADD PRIMARY KEY (`id`),
  ADD KEY `payroll_created_by_foreign_idx` (`created_by`),
  ADD KEY `payroll_employee_id_foreign_idx` (`employee_id`),
  ADD KEY `approved_by` (`approved_by`);

--
-- Indexes for table `payroll_particulars`
--
ALTER TABLE `payroll_particulars`
  ADD PRIMARY KEY (`id`),
  ADD KEY `payroll_particulars_payroll_id_foreign_idx` (`payroll_id`),
  ADD KEY `payroll_particulars_particulars_id_foreign_idx` (`particulars_id`),
  ADD KEY `loan_id` (`loan_id`);

--
-- Indexes for table `pay_modifiers`
--
ALTER TABLE `pay_modifiers`
  ADD PRIMARY KEY (`id`),
  ADD UNIQUE KEY `name_UNIQUE` (`name`);

--
-- Indexes for table `positions`
--
ALTER TABLE `positions`
  ADD PRIMARY KEY (`id`),
  ADD UNIQUE KEY `name_UNIQUE` (`name`);

--
-- Indexes for table `salary_particulars`
--
ALTER TABLE `salary_particulars`
  ADD PRIMARY KEY (`id`),
  ADD KEY `salary_particulars_particulars_id_foreign_idx` (`particulars_id`),
  ADD KEY `salary_particulars_employee_id_foreign_idx` (`position_id`);

--
-- AUTO_INCREMENT for dumped tables
--

--
-- AUTO_INCREMENT for table `bonus`
--
ALTER TABLE `bonus`
  MODIFY `id` int(10) UNSIGNED NOT NULL AUTO_INCREMENT, AUTO_INCREMENT=10;
--
-- AUTO_INCREMENT for table `bonus_departments`
--
ALTER TABLE `bonus_departments`
  MODIFY `id` int(10) UNSIGNED NOT NULL AUTO_INCREMENT, AUTO_INCREMENT=10;
--
-- AUTO_INCREMENT for table `bonus_employees`
--
ALTER TABLE `bonus_employees`
  MODIFY `id` int(10) UNSIGNED NOT NULL AUTO_INCREMENT, AUTO_INCREMENT=13;
--
-- AUTO_INCREMENT for table `departments`
--
ALTER TABLE `departments`
  MODIFY `id` int(10) UNSIGNED NOT NULL AUTO_INCREMENT, AUTO_INCREMENT=8;
--
-- AUTO_INCREMENT for table `department_supervisors`
--
ALTER TABLE `department_supervisors`
  MODIFY `id` int(10) UNSIGNED NOT NULL AUTO_INCREMENT, AUTO_INCREMENT=7;
--
-- AUTO_INCREMENT for table `employees`
--
ALTER TABLE `employees`
  MODIFY `id` int(10) UNSIGNED NOT NULL AUTO_INCREMENT, AUTO_INCREMENT=275;
--
-- AUTO_INCREMENT for table `employee_attendance`
--
ALTER TABLE `employee_attendance`
  MODIFY `id` int(10) UNSIGNED NOT NULL AUTO_INCREMENT, AUTO_INCREMENT=2947;
--
-- AUTO_INCREMENT for table `employee_departments`
--
ALTER TABLE `employee_departments`
  MODIFY `id` int(10) UNSIGNED NOT NULL AUTO_INCREMENT, AUTO_INCREMENT=44;
--
-- AUTO_INCREMENT for table `employee_positions`
--
ALTER TABLE `employee_positions`
  MODIFY `id` int(10) UNSIGNED NOT NULL AUTO_INCREMENT, AUTO_INCREMENT=53;
--
-- AUTO_INCREMENT for table `employee_reports`
--
ALTER TABLE `employee_reports`
  MODIFY `id` int(10) UNSIGNED NOT NULL AUTO_INCREMENT, AUTO_INCREMENT=7;
--
-- AUTO_INCREMENT for table `employee_requests`
--
ALTER TABLE `employee_requests`
  MODIFY `id` int(10) UNSIGNED NOT NULL AUTO_INCREMENT;
--
-- AUTO_INCREMENT for table `employee_suspensions`
--
ALTER TABLE `employee_suspensions`
  MODIFY `id` int(10) UNSIGNED NOT NULL AUTO_INCREMENT, AUTO_INCREMENT=2;
--
-- AUTO_INCREMENT for table `loans`
--
ALTER TABLE `loans`
  MODIFY `id` int(11) UNSIGNED NOT NULL AUTO_INCREMENT, AUTO_INCREMENT=5;
--
-- AUTO_INCREMENT for table `payment_terms`
--
ALTER TABLE `payment_terms`
  MODIFY `id` int(10) NOT NULL AUTO_INCREMENT, AUTO_INCREMENT=31;
--
-- AUTO_INCREMENT for table `payroll`
--
ALTER TABLE `payroll`
  MODIFY `id` int(10) UNSIGNED NOT NULL AUTO_INCREMENT, AUTO_INCREMENT=47;
--
-- AUTO_INCREMENT for table `payroll_particulars`
--
ALTER TABLE `payroll_particulars`
  MODIFY `id` int(10) UNSIGNED NOT NULL AUTO_INCREMENT, AUTO_INCREMENT=70;
--
-- AUTO_INCREMENT for table `pay_modifiers`
--
ALTER TABLE `pay_modifiers`
  MODIFY `id` int(10) UNSIGNED NOT NULL AUTO_INCREMENT, AUTO_INCREMENT=7;
--
-- AUTO_INCREMENT for table `positions`
--
ALTER TABLE `positions`
  MODIFY `id` int(10) UNSIGNED NOT NULL AUTO_INCREMENT, AUTO_INCREMENT=12;
--
-- AUTO_INCREMENT for table `salary_particulars`
--
ALTER TABLE `salary_particulars`
  MODIFY `id` int(10) UNSIGNED NOT NULL AUTO_INCREMENT, AUTO_INCREMENT=15;
--
-- Constraints for dumped tables
--

--
-- Constraints for table `bonus`
--
ALTER TABLE `bonus`
  ADD CONSTRAINT `bonus_approved_by` FOREIGN KEY (`approved_by`) REFERENCES `employees` (`id`) ON DELETE CASCADE,
  ADD CONSTRAINT `bonus_created_by` FOREIGN KEY (`created_by`) REFERENCES `employees` (`id`) ON DELETE CASCADE,
  ADD CONSTRAINT `bonus_last_updated_by` FOREIGN KEY (`last_updated_by`) REFERENCES `employees` (`id`) ON DELETE CASCADE,
  ADD CONSTRAINT `bonus_pay_modifier_id` FOREIGN KEY (`pay_modifier_id`) REFERENCES `pay_modifiers` (`id`) ON DELETE CASCADE;

--
-- Constraints for table `bonus_departments`
--
ALTER TABLE `bonus_departments`
  ADD CONSTRAINT `bonus_departments_bonus_id` FOREIGN KEY (`bonus_id`) REFERENCES `bonus` (`id`) ON DELETE CASCADE,
  ADD CONSTRAINT `bonus_departments_department_id` FOREIGN KEY (`department_id`) REFERENCES `departments` (`id`) ON DELETE CASCADE;

--
-- Constraints for table `bonus_employees`
--
ALTER TABLE `bonus_employees`
  ADD CONSTRAINT `bonus_employees_bonus_id` FOREIGN KEY (`bonus_id`) REFERENCES `bonus` (`id`) ON DELETE CASCADE,
  ADD CONSTRAINT `bonus_employees_employee_id` FOREIGN KEY (`employee_id`) REFERENCES `employees` (`id`) ON DELETE CASCADE;

--
-- Constraints for table `department_supervisors`
--
ALTER TABLE `department_supervisors`
  ADD CONSTRAINT `department_supervisors_department_id_foreign` FOREIGN KEY (`department_id`) REFERENCES `departments` (`id`) ON DELETE CASCADE ON UPDATE NO ACTION,
  ADD CONSTRAINT `department_supervisors_employee_id_foreign` FOREIGN KEY (`employee_id`) REFERENCES `employees` (`id`) ON DELETE CASCADE ON UPDATE CASCADE;

--
-- Constraints for table `employee_attendance`
--
ALTER TABLE `employee_attendance`
  ADD CONSTRAINT `employee_attendance_created_by` FOREIGN KEY (`created_by`) REFERENCES `employees` (`id`) ON DELETE CASCADE ON UPDATE CASCADE,
  ADD CONSTRAINT `employee_attendance_employee_id_foreign` FOREIGN KEY (`employee_id`) REFERENCES `employees` (`id`) ON DELETE CASCADE ON UPDATE CASCADE,
  ADD CONSTRAINT `employee_attendance_last_approved_by` FOREIGN KEY (`last_approved_by`) REFERENCES `employees` (`id`) ON DELETE CASCADE ON UPDATE CASCADE,
  ADD CONSTRAINT `employee_attendance_last_updated_by` FOREIGN KEY (`last_updated_by`) REFERENCES `employees` (`id`) ON DELETE CASCADE ON UPDATE CASCADE,
  ADD CONSTRAINT `employee_attendance_request_id_foreign` FOREIGN KEY (`request_id`) REFERENCES `employee_requests` (`id`) ON DELETE CASCADE ON UPDATE NO ACTION;

--
-- Constraints for table `employee_departments`
--
ALTER TABLE `employee_departments`
  ADD CONSTRAINT `employee_departments_department_id_foreign` FOREIGN KEY (`department_id`) REFERENCES `departments` (`id`) ON DELETE CASCADE ON UPDATE NO ACTION,
  ADD CONSTRAINT `employee_departments_employee_id_foreign` FOREIGN KEY (`employee_id`) REFERENCES `employees` (`id`) ON DELETE CASCADE ON UPDATE NO ACTION;

--
-- Constraints for table `employee_positions`
--
ALTER TABLE `employee_positions`
  ADD CONSTRAINT `employee_positions_employee_id_foreign` FOREIGN KEY (`employee_id`) REFERENCES `employees` (`id`) ON DELETE CASCADE ON UPDATE NO ACTION,
  ADD CONSTRAINT `employee_positions_position_id_foreign` FOREIGN KEY (`position_id`) REFERENCES `positions` (`id`) ON DELETE CASCADE ON UPDATE NO ACTION;

--
-- Constraints for table `employee_reports`
--
ALTER TABLE `employee_reports`
  ADD CONSTRAINT `employee_reports_created_by_foreign` FOREIGN KEY (`created_by`) REFERENCES `employees` (`id`) ON DELETE CASCADE,
  ADD CONSTRAINT `employee_reports_employee_id_foreign` FOREIGN KEY (`employee_id`) REFERENCES `employees` (`id`) ON DELETE CASCADE,
  ADD CONSTRAINT `employee_reports_last_updated_by_foreign` FOREIGN KEY (`last_updated_by`) REFERENCES `employees` (`id`) ON DELETE CASCADE,
  ADD CONSTRAINT `employee_reports_resolved_by_foreign` FOREIGN KEY (`resolved_by`) REFERENCES `employees` (`id`) ON DELETE CASCADE;

--
-- Constraints for table `employee_requests`
--
ALTER TABLE `employee_requests`
  ADD CONSTRAINT `employee_requests_approved_by_foreign` FOREIGN KEY (`approved_by`) REFERENCES `employees` (`id`) ON DELETE CASCADE ON UPDATE NO ACTION,
  ADD CONSTRAINT `employee_requests_department_id_foreign` FOREIGN KEY (`department_id`) REFERENCES `departments` (`id`) ON DELETE CASCADE ON UPDATE NO ACTION,
  ADD CONSTRAINT `employee_requests_sender_id_foreign` FOREIGN KEY (`sender_id`) REFERENCES `employees` (`id`) ON DELETE CASCADE ON UPDATE NO ACTION;

--
-- Constraints for table `employee_suspensions`
--
ALTER TABLE `employee_suspensions`
  ADD CONSTRAINT `employee_suspensions_created_by` FOREIGN KEY (`created_by`) REFERENCES `employees` (`id`) ON DELETE CASCADE,
  ADD CONSTRAINT `employee_suspensions_employee_id` FOREIGN KEY (`employee_id`) REFERENCES `employees` (`id`) ON DELETE CASCADE,
  ADD CONSTRAINT `employee_suspensions_last_updated_by` FOREIGN KEY (`last_updated_by`) REFERENCES `employees` (`id`) ON DELETE CASCADE,
  ADD CONSTRAINT `employee_suspensions_resolved_by` FOREIGN KEY (`resolved_by`) REFERENCES `employees` (`id`) ON DELETE CASCADE;

--
-- Constraints for table `payment_terms`
--
ALTER TABLE `payment_terms`
  ADD CONSTRAINT `payment_terms_loan_id_foreign` FOREIGN KEY (`loan_id`) REFERENCES `loans` (`id`) ON DELETE CASCADE,
  ADD CONSTRAINT `payment_terms_payroll_id_foreign` FOREIGN KEY (`payroll_id`) REFERENCES `payroll` (`id`) ON DELETE CASCADE;

--
-- Constraints for table `payroll`
--
ALTER TABLE `payroll`
  ADD CONSTRAINT `payroll_approved_by_foreign` FOREIGN KEY (`approved_by`) REFERENCES `employees` (`id`) ON DELETE CASCADE,
  ADD CONSTRAINT `payroll_created_by_foreign` FOREIGN KEY (`created_by`) REFERENCES `employees` (`id`) ON UPDATE NO ACTION,
  ADD CONSTRAINT `payroll_employee_id_foreign` FOREIGN KEY (`employee_id`) REFERENCES `employees` (`id`) ON DELETE CASCADE ON UPDATE NO ACTION;

--
-- Constraints for table `payroll_particulars`
--
ALTER TABLE `payroll_particulars`
  ADD CONSTRAINT `payroll_particulars_loan_id_foreign` FOREIGN KEY (`loan_id`) REFERENCES `loans` (`id`) ON DELETE CASCADE,
  ADD CONSTRAINT `payroll_particulars_particulars_id_foreign` FOREIGN KEY (`particulars_id`) REFERENCES `pay_modifiers` (`id`) ON DELETE CASCADE ON UPDATE NO ACTION,
  ADD CONSTRAINT `payroll_particulars_payroll_id_foreign` FOREIGN KEY (`payroll_id`) REFERENCES `payroll` (`id`) ON DELETE CASCADE;

--
-- Constraints for table `salary_particulars`
--
ALTER TABLE `salary_particulars`
  ADD CONSTRAINT `salary_particulars_particulars_id_foreign` FOREIGN KEY (`particulars_id`) REFERENCES `pay_modifiers` (`id`) ON DELETE CASCADE ON UPDATE NO ACTION,
  ADD CONSTRAINT `salary_particulars_position_id_foreign` FOREIGN KEY (`position_id`) REFERENCES `positions` (`id`) ON DELETE CASCADE ON UPDATE NO ACTION;

/*!40101 SET CHARACTER_SET_CLIENT=@OLD_CHARACTER_SET_CLIENT */;
/*!40101 SET CHARACTER_SET_RESULTS=@OLD_CHARACTER_SET_RESULTS */;
/*!40101 SET COLLATION_CONNECTION=@OLD_COLLATION_CONNECTION */;
